series_id,ref_month,release_date
ISM_PMI,1979-12-31,1980-01-01
ISM_PMI,1980-01-31,1980-02-01
ISM_PMI,1980-02-29,1980-03-01
ISM_PMI,1980-03-31,1980-04-01
ISM_PMI,1980-04-30,1980-05-01
ISM_PMI,1980-05-31,1980-06-01
ISM_PMI,1980-06-30,1980-07-01
ISM_PMI,1980-07-31,1980-08-01
ISM_PMI,1980-08-31,1980-09-01
ISM_PMI,1980-09-30,1980-10-01
ISM_PMI,1980-10-31,1980-11-01
ISM_PMI,1980-11-30,1980-12-01
ISM_PMI,1980-12-31,1981-01-01
ISM_PMI,1981-01-31,1981-02-01
ISM_PMI,1981-02-28,1981-03-01
ISM_PMI,1981-03-31,1981-04-01
ISM_PMI,1981-04-30,1981-05-01
ISM_PMI,1981-05-31,1981-06-01
ISM_PMI,1981-06-30,1981-07-01
ISM_PMI,1981-07-31,1981-08-01
ISM_PMI,1981-08-31,1981-09-01
ISM_PMI,1981-09-30,1981-10-01
ISM_PMI,1981-10-31,1981-11-01
ISM_PMI,1981-11-30,1981-12-01
ISM_PMI,1981-12-31,1982-01-01
ISM_PMI,1982-01-31,1982-02-01
ISM_PMI,1982-02-28,1982-03-01
ISM_PMI,1982-03-31,1982-04-01
ISM_PMI,1982-04-30,1982-05-01
ISM_PMI,1982-05-31,1982-06-01
ISM_PMI,1982-06-30,1982-07-01
ISM_PMI,1982-07-31,1982-08-01
ISM_PMI,1982-08-31,1982-09-01
ISM_PMI,1982-09-30,1982-10-01
ISM_PMI,1982-10-31,1982-11-01
ISM_PMI,1982-11-30,1982-12-01
ISM_PMI,1982-12-31,1983-01-01
ISM_PMI,1983-01-31,1983-02-01
ISM_PMI,1983-02-28,1983-03-01
ISM_PMI,1983-03-31,1983-04-01
ISM_PMI,1983-04-30,1983-05-01
ISM_PMI,1983-05-31,1983-06-01
ISM_PMI,1983-06-30,1983-07-01
ISM_PMI,1983-07-31,1983-08-01
ISM_PMI,1983-08-31,1983-09-01
ISM_PMI,1983-09-30,1983-10-01
ISM_PMI,1983-10-31,1983-11-01
ISM_PMI,1983-11-30,1983-12-01
ISM_PMI,1983-12-31,1984-01-01
ISM_PMI,1984-01-31,1984-02-01
ISM_PMI,1984-02-29,1984-03-01
ISM_PMI,1984-03-31,1984-04-01
ISM_PMI,1984-04-30,1984-05-01
ISM_PMI,1984-05-31,1984-06-01
ISM_PMI,1984-06-30,1984-07-01
ISM_PMI,1984-07-31,1984-08-01
ISM_PMI,1984-08-31,1984-09-01
ISM_PMI,1984-09-30,1984-10-01
ISM_PMI,1984-10-31,1984-11-01
ISM_PMI,1984-11-30,1984-12-01
ISM_PMI,1984-12-31,1985-01-01
ISM_PMI,1985-01-31,1985-02-01
ISM_PMI,1985-02-28,1985-03-01
ISM_PMI,1985-03-31,1985-04-01
ISM_PMI,1985-04-30,1985-05-01
ISM_PMI,1985-05-31,1985-06-01
ISM_PMI,1985-06-30,1985-07-01
ISM_PMI,1985-07-31,1985-08-01
ISM_PMI,1985-08-31,1985-09-01
ISM_PMI,1985-09-30,1985-10-01
ISM_PMI,1985-10-31,1985-11-01
ISM_PMI,1985-11-30,1985-12-01
ISM_PMI,1985-12-31,1986-01-01
ISM_PMI,1986-01-31,1986-02-01
ISM_PMI,1986-02-28,1986-03-01
ISM_PMI,1986-03-31,1986-04-01
ISM_PMI,1986-04-30,1986-05-01
ISM_PMI,1986-05-31,1986-06-01
ISM_PMI,1986-06-30,1986-07-01
ISM_PMI,1986-07-31,1986-08-01
ISM_PMI,1986-08-31,1986-09-01
ISM_PMI,1986-09-30,1986-10-01
ISM_PMI,1986-10-31,1986-11-01
ISM_PMI,1986-11-30,1986-12-01
ISM_PMI,1986-12-31,1987-01-01
ISM_PMI,1987-01-31,1987-02-01
ISM_PMI,1987-02-28,1987-03-01
ISM_PMI,1987-03-31,1987-04-01
ISM_PMI,1987-04-30,1987-05-01
ISM_PMI,1987-05-31,1987-06-01
ISM_PMI,1987-06-30,1987-07-01
ISM_PMI,1987-07-31,1987-08-01
ISM_PMI,1987-08-31,1987-09-01
ISM_PMI,1987-09-30,1987-10-01
ISM_PMI,1987-10-31,1987-11-01
ISM_PMI,1987-11-30,1987-12-01
ISM_PMI,1987-12-31,1988-01-01
ISM_PMI,1988-01-31,1988-02-01
ISM_PMI,1988-02-29,1988-03-01
ISM_PMI,1988-03-31,1988-04-01
ISM_PMI,1988-04-30,1988-05-01
ISM_PMI,1988-05-31,1988-06-01
ISM_PMI,1988-06-30,1988-07-01
ISM_PMI,1988-07-31,1988-08-01
ISM_PMI,1988-08-31,1988-09-01
ISM_PMI,1988-09-30,1988-10-01
ISM_PMI,1988-10-31,1988-11-01
ISM_PMI,1988-11-30,1988-12-01
ISM_PMI,1988-12-31,1989-01-01
ISM_PMI,1989-01-31,1989-02-01
ISM_PMI,1989-02-28,1989-03-01
ISM_PMI,1989-03-31,1989-04-01
ISM_PMI,1989-04-30,1989-05-01
ISM_PMI,1989-05-31,1989-06-01
ISM_PMI,1989-06-30,1989-07-01
ISM_PMI,1989-07-31,1989-08-01
ISM_PMI,1989-08-31,1989-09-01
ISM_PMI,1989-09-30,1989-10-01
ISM_PMI,1989-10-31,1989-11-01
ISM_PMI,1989-11-30,1989-12-01
ISM_PMI,1989-12-31,1990-01-01
ISM_PMI,1990-01-31,1990-02-01
ISM_PMI,1990-02-28,1990-03-01
ISM_PMI,1990-03-31,1990-04-01
ISM_PMI,1990-04-30,1990-05-01
ISM_PMI,1990-05-31,1990-06-01
ISM_PMI,1990-06-30,1990-07-01
ISM_PMI,1990-07-31,1990-08-01
ISM_PMI,1990-08-31,1990-09-01
ISM_PMI,1990-09-30,1990-10-01
ISM_PMI,1990-10-31,1990-11-01
ISM_PMI,1990-11-30,1990-12-01
ISM_PMI,1990-12-31,1991-01-01
ISM_PMI,1991-01-31,1991-02-01
ISM_PMI,1991-02-28,1991-03-01
ISM_PMI,1991-03-31,1991-04-01
ISM_PMI,1991-04-30,1991-05-01
ISM_PMI,1991-05-31,1991-06-01
ISM_PMI,1991-06-30,1991-07-01
ISM_PMI,1991-07-31,1991-08-01
ISM_PMI,1991-08-31,1991-09-01
ISM_PMI,1991-09-30,1991-10-01
ISM_PMI,1991-10-31,1991-11-01
ISM_PMI,1991-11-30,1991-12-01
ISM_PMI,1991-12-31,1992-01-01
ISM_PMI,1992-01-31,1992-02-01
ISM_PMI,1992-02-29,1992-03-01
ISM_PMI,1992-03-31,1992-04-01
ISM_PMI,1992-04-30,1992-05-01
ISM_PMI,1992-05-31,1992-06-01
ISM_PMI,1992-06-30,1992-07-01
ISM_PMI,1992-07-31,1992-08-01
ISM_PMI,1992-08-31,1992-09-01
ISM_PMI,1992-09-30,1992-10-01
ISM_PMI,1992-10-31,1992-11-01
ISM_PMI,1992-11-30,1992-12-01
ISM_PMI,1992-12-31,1993-01-01
ISM_PMI,1993-01-31,1993-02-01
ISM_PMI,1993-02-28,1993-03-01
ISM_PMI,1993-03-31,1993-04-01
ISM_PMI,1993-04-30,1993-05-01
ISM_PMI,1993-05-31,1993-06-01
ISM_PMI,1993-06-30,1993-07-01
ISM_PMI,1993-07-31,1993-08-01
ISM_PMI,1993-08-31,1993-09-01
ISM_PMI,1993-09-30,1993-10-01
ISM_PMI,1993-10-31,1993-11-01
ISM_PMI,1993-11-30,1993-12-01
ISM_PMI,1993-12-31,1994-01-01
ISM_PMI,1994-01-31,1994-02-01
ISM_PMI,1994-02-28,1994-03-01
ISM_PMI,1994-03-31,1994-04-01
ISM_PMI,1994-04-30,1994-05-01
ISM_PMI,1994-05-31,1994-06-01
ISM_PMI,1994-06-30,1994-07-01
ISM_PMI,1994-07-31,1994-08-01
ISM_PMI,1994-08-31,1994-09-01
ISM_PMI,1994-09-30,1994-10-01
ISM_PMI,1994-10-31,1994-11-01
ISM_PMI,1994-11-30,1994-12-01
ISM_PMI,1994-12-31,1995-01-01
ISM_PMI,1995-01-31,1995-02-01
ISM_PMI,1995-02-28,1995-03-01
ISM_PMI,1995-03-31,1995-04-01
ISM_PMI,1995-04-30,1995-05-01
ISM_PMI,1995-05-31,1995-06-01
ISM_PMI,1995-06-30,1995-07-01
ISM_PMI,1995-07-31,1995-08-01
ISM_PMI,1995-08-31,1995-09-01
ISM_PMI,1995-09-30,1995-10-01
ISM_PMI,1995-10-31,1995-11-01
ISM_PMI,1995-11-30,1995-12-01
ISM_PMI,1995-12-31,1996-01-01
ISM_PMI,1996-01-31,1996-02-01
ISM_PMI,1996-02-29,1996-03-01
ISM_PMI,1996-03-31,1996-04-01
ISM_PMI,1996-04-30,1996-05-01
ISM_PMI,1996-05-31,1996-06-01
ISM_PMI,1996-06-30,1996-07-01
ISM_PMI,1996-07-31,1996-08-01
ISM_PMI,1996-08-31,1996-09-01
ISM_PMI,1996-09-30,1996-10-01
ISM_PMI,1996-10-31,1996-11-01
ISM_PMI,1996-11-30,1996-12-01
ISM_PMI,1996-12-31,1997-01-01
ISM_PMI,1997-01-31,1997-02-01
ISM_PMI,1997-02-28,1997-03-01
ISM_PMI,1997-03-31,1997-04-01
ISM_PMI,1997-04-30,1997-05-01
ISM_PMI,1997-05-31,1997-06-01
ISM_PMI,1997-06-30,1997-07-01
ISM_PMI,1997-07-31,1997-08-01
ISM_PMI,1997-08-31,1997-09-01
ISM_PMI,1997-09-30,1997-10-01
ISM_PMI,1997-10-31,1997-11-01
ISM_PMI,1997-11-30,1997-12-01
ISM_PMI,1997-12-31,1998-01-01
ISM_PMI,1998-01-31,1998-02-01
ISM_PMI,1998-02-28,1998-03-01
ISM_PMI,1998-03-31,1998-04-01
ISM_PMI,1998-04-30,1998-05-01
ISM_PMI,1998-05-31,1998-06-01
ISM_PMI,1998-06-30,1998-07-01
ISM_PMI,1998-07-31,1998-08-01
ISM_PMI,1998-08-31,1998-09-01
ISM_PMI,1998-09-30,1998-10-01
ISM_PMI,1998-10-31,1998-11-01
ISM_PMI,1998-11-30,1998-12-01
ISM_PMI,1998-12-31,1999-01-01
ISM_PMI,1999-01-31,1999-02-01
ISM_PMI,1999-02-28,1999-03-01
ISM_PMI,1999-03-31,1999-04-01
ISM_PMI,1999-04-30,1999-05-01
ISM_PMI,1999-05-31,1999-06-01
ISM_PMI,1999-06-30,1999-07-01
ISM_PMI,1999-07-31,1999-08-01
ISM_PMI,1999-08-31,1999-09-01
ISM_PMI,1999-09-30,1999-10-01
ISM_PMI,1999-10-31,1999-11-01
ISM_PMI,1999-11-30,1999-12-01
ISM_PMI,1999-12-31,2000-01-01
ISM_PMI,2000-01-31,2000-02-01
ISM_PMI,2000-02-29,2000-03-01
ISM_PMI,2000-03-31,2000-04-01
ISM_PMI,2000-04-30,2000-05-01
ISM_PMI,2000-05-31,2000-06-01
ISM_PMI,2000-06-30,2000-07-01
ISM_PMI,2000-07-31,2000-08-01
ISM_PMI,2000-08-31,2000-09-01
ISM_PMI,2000-09-30,2000-10-01
ISM_PMI,2000-10-31,2000-11-01
ISM_PMI,2000-11-30,2000-12-01
ISM_PMI,2000-12-31,2001-01-01
ISM_PMI,2001-01-31,2001-02-01
ISM_PMI,2001-02-28,2001-03-01
ISM_PMI,2001-03-31,2001-04-01
ISM_PMI,2001-04-30,2001-05-01
ISM_PMI,2001-05-31,2001-06-01
ISM_PMI,2001-06-30,2001-07-01
ISM_PMI,2001-07-31,2001-08-01
ISM_PMI,2001-08-31,2001-09-01
ISM_PMI,2001-09-30,2001-10-01
ISM_PMI,2001-10-31,2001-11-01
ISM_PMI,2001-11-30,2001-12-01
ISM_PMI,2001-12-31,2002-01-01
ISM_PMI,2002-01-31,2002-02-01
ISM_PMI,2002-02-28,2002-03-01
ISM_PMI,2002-03-31,2002-04-01
ISM_PMI,2002-04-30,2002-05-01
ISM_PMI,2002-05-31,2002-06-01
ISM_PMI,2002-06-30,2002-07-01
ISM_PMI,2002-07-31,2002-08-01
ISM_PMI,2002-08-31,2002-09-01
ISM_PMI,2002-09-30,2002-10-01
ISM_PMI,2002-10-31,2002-11-01
ISM_PMI,2002-11-30,2002-12-01
ISM_PMI,2002-12-31,2003-01-01
ISM_PMI,2003-01-31,2003-02-01
ISM_PMI,2003-02-28,2003-03-01
ISM_PMI,2003-03-31,2003-04-01
ISM_PMI,2003-04-30,2003-05-01
ISM_PMI,2003-05-31,2003-06-01
ISM_PMI,2003-06-30,2003-07-01
ISM_PMI,2003-07-31,2003-08-01
ISM_PMI,2003-08-31,2003-09-01
ISM_PMI,2003-09-30,2003-10-01
ISM_PMI,2003-10-31,2003-11-01
ISM_PMI,2003-11-30,2003-12-01
ISM_PMI,2003-12-31,2004-01-01
ISM_PMI,2004-01-31,2004-02-01
ISM_PMI,2004-02-29,2004-03-01
ISM_PMI,2004-03-31,2004-04-01
ISM_PMI,2004-04-30,2004-05-01
ISM_PMI,2004-05-31,2004-06-01
ISM_PMI,2004-06-30,2004-07-01
ISM_PMI,2004-07-31,2004-08-01
ISM_PMI,2004-08-31,2004-09-01
ISM_PMI,2004-09-30,2004-10-01
ISM_PMI,2004-10-31,2004-11-01
ISM_PMI,2004-11-30,2004-12-01
ISM_PMI,2004-12-31,2005-01-01
ISM_PMI,2005-01-31,2005-02-01
ISM_PMI,2005-02-28,2005-03-01
ISM_PMI,2005-03-31,2005-04-01
ISM_PMI,2005-04-30,2005-05-01
ISM_PMI,2005-05-31,2005-06-01
ISM_PMI,2005-06-30,2005-07-01
ISM_PMI,2005-07-31,2005-08-01
ISM_PMI,2005-08-31,2005-09-01
ISM_PMI,2005-09-30,2005-10-01
ISM_PMI,2005-10-31,2005-11-01
ISM_PMI,2005-11-30,2005-12-01
ISM_PMI,2005-12-31,2006-01-01
ISM_PMI,2006-01-31,2006-02-01
ISM_PMI,2006-02-28,2006-03-01
ISM_PMI,2006-03-31,2006-04-01
ISM_PMI,2006-04-30,2006-05-01
ISM_PMI,2006-05-31,2006-06-01
ISM_PMI,2006-06-30,2006-07-01
ISM_PMI,2006-07-31,2006-08-01
ISM_PMI,2006-08-31,2006-09-01
ISM_PMI,2006-09-30,2006-10-01
ISM_PMI,2006-10-31,2006-11-01
ISM_PMI,2006-11-30,2006-12-01
ISM_PMI,2006-12-31,2007-01-01
ISM_PMI,2007-01-31,2007-02-01
ISM_PMI,2007-02-28,2007-03-01
ISM_PMI,2007-03-31,2007-04-01
ISM_PMI,2007-04-30,2007-05-01
ISM_PMI,2007-05-31,2007-06-01
ISM_PMI,2007-06-30,2007-07-01
ISM_PMI,2007-07-31,2007-08-01
ISM_PMI,2007-08-31,2007-09-01
ISM_PMI,2007-09-30,2007-10-01
ISM_PMI,2007-10-31,2007-11-01
ISM_PMI,2007-11-30,2007-12-01
ISM_PMI,2007-12-31,2008-01-01
ISM_PMI,2008-01-31,2008-02-01
ISM_PMI,2008-02-29,2008-03-03
ISM_PMI,2008-03-31,2008-04-01
ISM_PMI,2008-04-30,2008-05-01
ISM_PMI,2008-05-31,2008-06-02
ISM_PMI,2008-06-30,2008-07-01
ISM_PMI,2008-07-31,2008-08-01
ISM_PMI,2008-08-31,2008-09-02
ISM_PMI,2008-09-30,2008-10-01
ISM_PMI,2008-10-31,2008-11-03
ISM_PMI,2008-11-30,2008-12-01
ISM_PMI,2008-12-31,2009-01-02
ISM_PMI,2009-01-31,2009-02-02
ISM_PMI,2009-02-28,2009-03-02
ISM_PMI,2009-03-31,2009-04-01
ISM_PMI,2009-04-30,2009-05-01
ISM_PMI,2009-05-31,2009-06-01
ISM_PMI,2009-06-30,2009-07-01
ISM_PMI,2009-07-31,2009-08-03
ISM_PMI,2009-08-31,2009-09-01
ISM_PMI,2009-09-30,2009-10-01
ISM_PMI,2009-10-31,2009-11-02
ISM_PMI,2009-11-30,2009-12-01
ISM_PMI,2009-12-31,2010-01-04
ISM_PMI,2010-01-31,2010-02-01
ISM_PMI,2010-02-28,2010-03-01
ISM_PMI,2010-03-31,2010-04-01
ISM_PMI,2010-04-30,2010-05-03
ISM_PMI,2010-05-31,2010-06-01
ISM_PMI,2010-06-30,2010-07-01
ISM_PMI,2010-07-31,2010-08-02
ISM_PMI,2010-08-31,2010-09-01
ISM_PMI,2010-09-30,2010-10-01
ISM_PMI,2010-10-31,2010-11-01
ISM_PMI,2010-11-30,2010-12-01
ISM_PMI,2010-12-31,2011-01-03
ISM_PMI,2011-01-31,2011-02-01
ISM_PMI,2011-02-28,2011-03-01
ISM_PMI,2011-03-31,2011-04-01
ISM_PMI,2011-04-30,2011-05-02
ISM_PMI,2011-05-31,2011-06-01
ISM_PMI,2011-06-30,2011-07-01
ISM_PMI,2011-07-31,2011-08-01
ISM_PMI,2011-08-31,2011-09-01
ISM_PMI,2011-09-30,2011-10-03
ISM_PMI,2011-10-31,2011-11-01
ISM_PMI,2011-11-30,2011-12-01
ISM_PMI,2011-12-31,2012-01-03
ISM_PMI,2012-01-31,2012-02-01
ISM_PMI,2012-02-29,2012-03-01
ISM_PMI,2012-03-31,2012-04-02
ISM_PMI,2012-04-30,2012-05-01
ISM_PMI,2012-05-31,2012-06-01
ISM_PMI,2012-06-30,2012-07-02
ISM_PMI,2012-07-31,2012-08-01
ISM_PMI,2012-08-31,2012-09-04
ISM_PMI,2012-09-30,2012-10-01
ISM_PMI,2012-10-31,2012-11-01
ISM_PMI,2012-11-30,2012-12-03
ISM_PMI,2012-12-31,2013-01-02
ISM_PMI,2013-01-31,2013-02-01
ISM_PMI,2013-02-28,2013-03-01
ISM_PMI,2013-03-31,2013-04-01
ISM_PMI,2013-04-30,2013-05-01
ISM_PMI,2013-05-31,2013-06-03
ISM_PMI,2013-06-30,2013-07-01
ISM_PMI,2013-07-31,2013-08-01
ISM_PMI,2013-08-31,2013-09-03
ISM_PMI,2013-09-30,2013-10-01
ISM_PMI,2013-10-31,2013-11-01
ISM_PMI,2013-11-30,2013-12-02
ISM_PMI,2013-12-31,2014-01-02
ISM_PMI,2014-01-31,2014-02-03
ISM_PMI,2014-02-28,2014-03-03
ISM_PMI,2014-03-31,2014-04-01
ISM_PMI,2014-04-30,2014-05-01
ISM_PMI,2014-05-31,2014-06-02
ISM_PMI,2014-06-30,2014-07-01
ISM_PMI,2014-07-31,2014-08-01
ISM_PMI,2014-08-31,2014-09-02
ISM_PMI,2014-09-30,2014-10-01
ISM_PMI,2014-10-31,2014-11-03
ISM_PMI,2014-11-30,2014-12-01
ISM_PMI,2014-12-31,2015-01-02
ISM_PMI,2015-01-31,2015-02-02
ISM_PMI,2015-02-28,2015-03-02
ISM_PMI,2015-03-31,2015-04-01
ISM_PMI,2015-04-30,2015-05-01
ISM_PMI,2015-05-31,2015-06-01
ISM_PMI,2015-06-30,2015-07-01
ISM_PMI,2015-07-31,2015-08-03
ISM_PMI,2015-08-31,2015-09-01
ISM_PMI,2015-09-30,2015-10-01
ISM_PMI,2015-10-31,2015-11-02
ISM_PMI,2015-11-30,2015-12-01
ISM_PMI,2015-12-31,2016-01-04
ISM_PMI,2016-01-31,2016-02-01
ISM_PMI,2016-02-29,2016-03-01
ISM_PMI,2016-03-31,2016-04-01
ISM_PMI,2016-04-30,2016-05-02
ISM_PMI,2016-05-31,2016-06-01
ISM_PMI,2016-06-30,2016-07-01
ISM_PMI,2016-07-31,2016-08-01
ISM_PMI,2016-08-31,2016-09-01
ISM_PMI,2016-09-30,2016-10-03
ISM_PMI,2016-10-31,2016-11-01
ISM_PMI,2016-11-30,2016-12-01
ISM_PMI,2016-12-31,2017-01-03
ISM_PMI,2017-01-31,2017-02-01
ISM_PMI,2017-02-28,2017-03-01
ISM_PMI,2017-03-31,2017-04-03
ISM_PMI,2017-04-30,2017-05-01
ISM_PMI,2017-05-31,2017-06-01
ISM_PMI,2017-06-30,2017-07-03
ISM_PMI,2017-07-31,2017-08-01
ISM_PMI,2017-08-31,2017-09-01
ISM_PMI,2017-09-30,2017-10-02
ISM_PMI,2017-10-31,2017-11-01
ISM_PMI,2017-11-30,2017-12-01
ISM_PMI,2017-12-31,2018-01-03
ISM_PMI,2018-01-31,2018-02-01
ISM_PMI,2018-02-28,2018-03-01
ISM_PMI,2018-03-31,2018-04-02
ISM_PMI,2018-04-30,2018-05-01
ISM_PMI,2018-05-31,2018-06-01
ISM_PMI,2018-06-30,2018-07-02
ISM_PMI,2018-07-31,2018-08-01
ISM_PMI,2018-08-31,2018-09-04
ISM_PMI,2018-09-30,2018-10-01
ISM_PMI,2018-10-31,2018-11-01
ISM_PMI,2018-11-30,2018-12-03
ISM_PMI,2018-12-31,2019-01-03
ISM_PMI,2019-01-31,2019-02-01
ISM_PMI,2019-02-28,2019-03-01
ISM_PMI,2019-03-31,2019-04-01
ISM_PMI,2019-04-30,2019-05-01
ISM_PMI,2019-05-31,2019-06-03
ISM_PMI,2019-06-30,2019-07-01
ISM_PMI,2019-07-31,2019-08-01
ISM_PMI,2019-08-31,2019-09-03
ISM_PMI,2019-09-30,2019-10-01
ISM_PMI,2019-10-31,2019-11-01
ISM_PMI,2019-11-30,2019-12-02
ISM_PMI,2019-12-31,2020-01-03
ISM_PMI,2020-01-31,2020-02-03
ISM_PMI,2020-02-29,2020-03-02
ISM_PMI,2020-03-31,2020-04-01
ISM_PMI,2020-04-30,2020-05-01
ISM_PMI,2020-05-31,2020-06-01
ISM_PMI,2020-06-30,2020-07-01
ISM_PMI,2020-07-31,2020-08-03
ISM_PMI,2020-08-31,2020-09-01
ISM_PMI,2020-09-30,2020-10-01
ISM_PMI,2020-10-31,2020-11-02
ISM_PMI,2020-11-30,2020-12-01
ISM_PMI,2020-12-31,2021-01-05
ISM_PMI,2021-01-31,2021-02-01
ISM_PMI,2021-02-28,2021-03-01
ISM_PMI,2021-03-31,2021-04-01
ISM_PMI,2021-04-30,2021-05-03
ISM_PMI,2021-05-31,2021-06-01
ISM_PMI,2021-06-30,2021-07-01
ISM_PMI,2021-07-31,2021-08-02
ISM_PMI,2021-08-31,2021-09-01
ISM_PMI,2021-09-30,2021-10-01
ISM_PMI,2021-10-31,2021-11-01
ISM_PMI,2021-11-30,2021-12-01
ISM_PMI,2021-12-31,2022-01-04
ISM_PMI,2022-01-31,2022-02-01
ISM_PMI,2022-02-28,2022-03-01
ISM_PMI,2022-03-31,2022-04-01
ISM_PMI,2022-04-30,2022-05-02
ISM_PMI,2022-05-31,2022-06-01
ISM_PMI,2022-06-30,2022-07-01
ISM_PMI,2022-07-31,2022-08-01
ISM_PMI,2022-08-31,2022-09-01
ISM_PMI,2022-09-30,2022-10-03
ISM_PMI,2022-10-31,2022-11-01
ISM_PMI,2022-11-30,2022-12-01
ISM_PMI,2022-12-31,2023-01-04
ISM_PMI,2023-01-31,2023-02-01
ISM_PMI,2023-02-28,2023-03-01
ISM_PMI,2023-03-31,2023-04-03
ISM_PMI,2023-04-30,2023-05-01
ISM_PMI,2023-05-31,2023-06-01
ISM_PMI,2023-06-30,2023-07-03
ISM_PMI,2023-07-31,2023-08-01
ISM_PMI,2023-08-31,2023-09-01
ISM_PMI,2023-09-30,2023-10-02
ISM_PMI,2023-10-31,2023-11-01
ISM_PMI,2023-11-30,2023-12-01
ISM_PMI,2023-12-31,2024-01-03
ISM_PMI,2024-01-31,2024-02-01
ISM_PMI,2024-02-29,2024-03-01
ISM_PMI,2024-03-31,2024-04-01
ISM_PMI,2024-04-30,2024-05-01
ISM_PMI,2024-05-31,2024-06-03
ISM_PMI,2024-06-30,2024-07-01
ISM_PMI,2024-07-31,2024-08-01
ISM_PMI,2024-08-31,2024-09-03
ISM_PMI,2024-09-30,2024-10-01
ISM_PMI,2024-10-31,2024-11-01
ISM_PMI,2024-11-30,2024-12-02
ISM_PMI,2024-12-31,2025-01-03
ISM_PMI,2025-01-31,2025-02-03
ISM_PMI,2025-02-28,2025-03-03
ISM_PMI,2025-03-31,2025-04-01
ISM_PMI,2025-04-30,2025-05-01
ISM_PMI,2025-05-31,2025-06-02
ISM_PMI,2025-06-30,2025-07-01
ISM_PMI,2025-07-31,2025-08-01
ISM_PMI,2025-08-31,2025-09-02
ISM_PMI,2025-09-30,2025-10-01
ISM_PMI,2025-10-31,2025-11-03
ISM_PMI,2025-11-30,2025-12-01
ISM_PMI,2025-12-31,2026-01-05
ISM_PMI,2026-01-31,2026-02-02
ISM_PMI,2026-02-28,2026-03-02
ISM_PMI,2026-03-31,2026-04-01
ISM_PMI,2026-04-30,2026-05-01
ISM_PMI,2026-05-31,2026-06-01
ISM_PMI,2026-06-30,2026-07-01
ISM_PRICES,1979-12-31,1980-01-01
ISM_PRICES,1980-01-31,1980-02-01
ISM_PRICES,1980-02-29,1980-03-01
ISM_PRICES,1980-03-31,1980-04-01
ISM_PRICES,1980-04-30,1980-05-01
ISM_PRICES,1980-05-31,1980-06-01
ISM_PRICES,1980-06-30,1980-07-01
ISM_PRICES,1980-07-31,1980-08-01
ISM_PRICES,1980-08-31,1980-09-01
ISM_PRICES,1980-09-30,1980-10-01
ISM_PRICES,1980-10-31,1980-11-01
ISM_PRICES,1980-11-30,1980-12-01
ISM_PRICES,1980-12-31,1981-01-01
ISM_PRICES,1981-01-31,1981-02-01
ISM_PRICES,1981-02-28,1981-03-01
ISM_PRICES,1981-03-31,1981-04-01
ISM_PRICES,1981-04-30,1981-05-01
ISM_PRICES,1981-05-31,1981-06-01
ISM_PRICES,1981-06-30,1981-07-01
ISM_PRICES,1981-07-31,1981-08-01
ISM_PRICES,1981-08-31,1981-09-01
ISM_PRICES,1981-09-30,1981-10-01
ISM_PRICES,1981-10-31,1981-11-01
ISM_PRICES,1981-11-30,1981-12-01
ISM_PRICES,1981-12-31,1982-01-01
ISM_PRICES,1982-01-31,1982-02-01
ISM_PRICES,1982-02-28,1982-03-01
ISM_PRICES,1982-03-31,1982-04-01
ISM_PRICES,1982-04-30,1982-05-01
ISM_PRICES,1982-05-31,1982-06-01
ISM_PRICES,1982-06-30,1982-07-01
ISM_PRICES,1982-07-31,1982-08-01
ISM_PRICES,1982-08-31,1982-09-01
ISM_PRICES,1982-09-30,1982-10-01
ISM_PRICES,1982-10-31,1982-11-01
ISM_PRICES,1982-11-30,1982-12-01
ISM_PRICES,1982-12-31,1983-01-01
ISM_PRICES,1983-01-31,1983-02-01
ISM_PRICES,1983-02-28,1983-03-01
ISM_PRICES,1983-03-31,1983-04-01
ISM_PRICES,1983-04-30,1983-05-01
ISM_PRICES,1983-05-31,1983-06-01
ISM_PRICES,1983-06-30,1983-07-01
ISM_PRICES,1983-07-31,1983-08-01
ISM_PRICES,1983-08-31,1983-09-01
ISM_PRICES,1983-09-30,1983-10-01
ISM_PRICES,1983-10-31,1983-11-01
ISM_PRICES,1983-11-30,1983-12-01
ISM_PRICES,1983-12-31,1984-01-01
ISM_PRICES,1984-01-31,1984-02-01
ISM_PRICES,1984-02-29,1984-03-01
ISM_PRICES,1984-03-31,1984-04-01
ISM_PRICES,1984-04-30,1984-05-01
ISM_PRICES,1984-05-31,1984-06-01
ISM_PRICES,1984-06-30,1984-07-01
ISM_PRICES,1984-07-31,1984-08-01
ISM_PRICES,1984-08-31,1984-09-01
ISM_PRICES,1984-09-30,1984-10-01
ISM_PRICES,1984-10-31,1984-11-01
ISM_PRICES,1984-11-30,1984-12-01
ISM_PRICES,1984-12-31,1985-01-01
ISM_PRICES,1985-01-31,1985-02-01
ISM_PRICES,1985-02-28,1985-03-01
ISM_PRICES,1985-03-31,1985-04-01
ISM_PRICES,1985-04-30,1985-05-01
ISM_PRICES,1985-05-31,1985-06-01
ISM_PRICES,1985-06-30,1985-07-01
ISM_PRICES,1985-07-31,1985-08-01
ISM_PRICES,1985-08-31,1985-09-01
ISM_PRICES,1985-09-30,1985-10-01
ISM_PRICES,1985-10-31,1985-11-01
ISM_PRICES,1985-11-30,1985-12-01
ISM_PRICES,1985-12-31,1986-01-01
ISM_PRICES,1986-01-31,1986-02-01
ISM_PRICES,1986-02-28,1986-03-01
ISM_PRICES,1986-03-31,1986-04-01
ISM_PRICES,1986-04-30,1986-05-01
ISM_PRICES,1986-05-31,1986-06-01
ISM_PRICES,1986-06-30,1986-07-01
ISM_PRICES,1986-07-31,1986-08-01
ISM_PRICES,1986-08-31,1986-09-01
ISM_PRICES,1986-09-30,1986-10-01
ISM_PRICES,1986-10-31,1986-11-01
ISM_PRICES,1986-11-30,1986-12-01
ISM_PRICES,1986-12-31,1987-01-01
ISM_PRICES,1987-01-31,1987-02-01
ISM_PRICES,1987-02-28,1987-03-01
ISM_PRICES,1987-03-31,1987-04-01
ISM_PRICES,1987-04-30,1987-05-01
ISM_PRICES,1987-05-31,1987-06-01
ISM_PRICES,1987-06-30,1987-07-01
ISM_PRICES,1987-07-31,1987-08-01
ISM_PRICES,1987-08-31,1987-09-01
ISM_PRICES,1987-09-30,1987-10-01
ISM_PRICES,1987-10-31,1987-11-01
ISM_PRICES,1987-11-30,1987-12-01
ISM_PRICES,1987-12-31,1988-01-01
ISM_PRICES,1988-01-31,1988-02-01
ISM_PRICES,1988-02-29,1988-03-01
ISM_PRICES,1988-03-31,1988-04-01
ISM_PRICES,1988-04-30,1988-05-01
ISM_PRICES,1988-05-31,1988-06-01
ISM_PRICES,1988-06-30,1988-07-01
ISM_PRICES,1988-07-31,1988-08-01
ISM_PRICES,1988-08-31,1988-09-01
ISM_PRICES,1988-09-30,1988-10-01
ISM_PRICES,1988-10-31,1988-11-01
ISM_PRICES,1988-11-30,1988-12-01
ISM_PRICES,1988-12-31,1989-01-01
ISM_PRICES,1989-01-31,1989-02-01
ISM_PRICES,1989-02-28,1989-03-01
ISM_PRICES,1989-03-31,1989-04-01
ISM_PRICES,1989-04-30,1989-05-01
ISM_PRICES,1989-05-31,1989-06-01
ISM_PRICES,1989-06-30,1989-07-01
ISM_PRICES,1989-07-31,1989-08-01
ISM_PRICES,1989-08-31,1989-09-01
ISM_PRICES,1989-09-30,1989-10-01
ISM_PRICES,1989-10-31,1989-11-01
ISM_PRICES,1989-11-30,1989-12-01
ISM_PRICES,1989-12-31,1990-01-01
ISM_PRICES,1990-01-31,1990-02-01
ISM_PRICES,1990-02-28,1990-03-01
ISM_PRICES,1990-03-31,1990-04-01
ISM_PRICES,1990-04-30,1990-05-01
ISM_PRICES,1990-05-31,1990-06-01
ISM_PRICES,1990-06-30,1990-07-01
ISM_PRICES,1990-07-31,1990-08-01
ISM_PRICES,1990-08-31,1990-09-01
ISM_PRICES,1990-09-30,1990-10-01
ISM_PRICES,1990-10-31,1990-11-01
ISM_PRICES,1990-11-30,1990-12-01
ISM_PRICES,1990-12-31,1991-01-01
ISM_PRICES,1991-01-31,1991-02-01
ISM_PRICES,1991-02-28,1991-03-01
ISM_PRICES,1991-03-31,1991-04-01
ISM_PRICES,1991-04-30,1991-05-01
ISM_PRICES,1991-05-31,1991-06-01
ISM_PRICES,1991-06-30,1991-07-01
ISM_PRICES,1991-07-31,1991-08-01
ISM_PRICES,1991-08-31,1991-09-01
ISM_PRICES,1991-09-30,1991-10-01
ISM_PRICES,1991-10-31,1991-11-01
ISM_PRICES,1991-11-30,1991-12-01
ISM_PRICES,1991-12-31,1992-01-01
ISM_PRICES,1992-01-31,1992-02-01
ISM_PRICES,1992-02-29,1992-03-01
ISM_PRICES,1992-03-31,1992-04-01
ISM_PRICES,1992-04-30,1992-05-01
ISM_PRICES,1992-05-31,1992-06-01
ISM_PRICES,1992-06-30,1992-07-01
ISM_PRICES,1992-07-31,1992-08-01
ISM_PRICES,1992-08-31,1992-09-01
ISM_PRICES,1992-09-30,1992-10-01
ISM_PRICES,1992-10-31,1992-11-01
ISM_PRICES,1992-11-30,1992-12-01
ISM_PRICES,1992-12-31,1993-01-01
ISM_PRICES,1993-01-31,1993-02-01
ISM_PRICES,1993-02-28,1993-03-01
ISM_PRICES,1993-03-31,1993-04-01
ISM_PRICES,1993-04-30,1993-05-01
ISM_PRICES,1993-05-31,1993-06-01
ISM_PRICES,1993-06-30,1993-07-01
ISM_PRICES,1993-07-31,1993-08-01
ISM_PRICES,1993-08-31,1993-09-01
ISM_PRICES,1993-09-30,1993-10-01
ISM_PRICES,1993-10-31,1993-11-01
ISM_PRICES,1993-11-30,1993-12-01
ISM_PRICES,1993-12-31,1994-01-01
ISM_PRICES,1994-01-31,1994-02-01
ISM_PRICES,1994-02-28,1994-03-01
ISM_PRICES,1994-03-31,1994-04-01
ISM_PRICES,1994-04-30,1994-05-01
ISM_PRICES,1994-05-31,1994-06-01
ISM_PRICES,1994-06-30,1994-07-01
ISM_PRICES,1994-07-31,1994-08-01
ISM_PRICES,1994-08-31,1994-09-01
ISM_PRICES,1994-09-30,1994-10-01
ISM_PRICES,1994-10-31,1994-11-01
ISM_PRICES,1994-11-30,1994-12-01
ISM_PRICES,1994-12-31,1995-01-01
ISM_PRICES,1995-01-31,1995-02-01
ISM_PRICES,1995-02-28,1995-03-01
ISM_PRICES,1995-03-31,1995-04-01
ISM_PRICES,1995-04-30,1995-05-01
ISM_PRICES,1995-05-31,1995-06-01
ISM_PRICES,1995-06-30,1995-07-01
ISM_PRICES,1995-07-31,1995-08-01
ISM_PRICES,1995-08-31,1995-09-01
ISM_PRICES,1995-09-30,1995-10-01
ISM_PRICES,1995-10-31,1995-11-01
ISM_PRICES,1995-11-30,1995-12-01
ISM_PRICES,1995-12-31,1996-01-01
ISM_PRICES,1996-01-31,1996-02-01
ISM_PRICES,1996-02-29,1996-03-01
ISM_PRICES,1996-03-31,1996-04-01
ISM_PRICES,1996-04-30,1996-05-01
ISM_PRICES,1996-05-31,1996-06-01
ISM_PRICES,1996-06-30,1996-07-01
ISM_PRICES,1996-07-31,1996-08-01
ISM_PRICES,1996-08-31,1996-09-01
ISM_PRICES,1996-09-30,1996-10-01
ISM_PRICES,1996-10-31,1996-11-01
ISM_PRICES,1996-11-30,1996-12-01
ISM_PRICES,1996-12-31,1997-01-01
ISM_PRICES,1997-01-31,1997-02-01
ISM_PRICES,1997-02-28,1997-03-01
ISM_PRICES,1997-03-31,1997-04-01
ISM_PRICES,1997-04-30,1997-05-01
ISM_PRICES,1997-05-31,1997-06-01
ISM_PRICES,1997-06-30,1997-07-01
ISM_PRICES,1997-07-31,1997-08-01
ISM_PRICES,1997-08-31,1997-09-01
ISM_PRICES,1997-09-30,1997-10-01
ISM_PRICES,1997-10-31,1997-11-01
ISM_PRICES,1997-11-30,1997-12-01
ISM_PRICES,1997-12-31,1998-01-01
ISM_PRICES,1998-01-31,1998-02-01
ISM_PRICES,1998-02-28,1998-03-01
ISM_PRICES,1998-03-31,1998-04-01
ISM_PRICES,1998-04-30,1998-05-01
ISM_PRICES,1998-05-31,1998-06-01
ISM_PRICES,1998-06-30,1998-07-01
ISM_PRICES,1998-07-31,1998-08-01
ISM_PRICES,1998-08-31,1998-09-01
ISM_PRICES,1998-09-30,1998-10-01
ISM_PRICES,1998-10-31,1998-11-01
ISM_PRICES,1998-11-30,1998-12-01
ISM_PRICES,1998-12-31,1999-01-01
ISM_PRICES,1999-01-31,1999-02-01
ISM_PRICES,1999-02-28,1999-03-01
ISM_PRICES,1999-03-31,1999-04-01
ISM_PRICES,1999-04-30,1999-05-01
ISM_PRICES,1999-05-31,1999-06-01
ISM_PRICES,1999-06-30,1999-07-01
ISM_PRICES,1999-07-31,1999-08-01
ISM_PRICES,1999-08-31,1999-09-01
ISM_PRICES,1999-09-30,1999-10-01
ISM_PRICES,1999-10-31,1999-11-01
ISM_PRICES,1999-11-30,1999-12-01
ISM_PRICES,1999-12-31,2000-01-01
ISM_PRICES,2000-01-31,2000-02-01
ISM_PRICES,2000-02-29,2000-03-01
ISM_PRICES,2000-03-31,2000-04-01
ISM_PRICES,2000-04-30,2000-05-01
ISM_PRICES,2000-05-31,2000-06-01
ISM_PRICES,2000-06-30,2000-07-01
ISM_PRICES,2000-07-31,2000-08-01
ISM_PRICES,2000-08-31,2000-09-01
ISM_PRICES,2000-09-30,2000-10-01
ISM_PRICES,2000-10-31,2000-11-01
ISM_PRICES,2000-11-30,2000-12-01
ISM_PRICES,2000-12-31,2001-01-01
ISM_PRICES,2001-01-31,2001-02-01
ISM_PRICES,2001-02-28,2001-03-01
ISM_PRICES,2001-03-31,2001-04-01
ISM_PRICES,2001-04-30,2001-05-01
ISM_PRICES,2001-05-31,2001-06-01
ISM_PRICES,2001-06-30,2001-07-01
ISM_PRICES,2001-07-31,2001-08-01
ISM_PRICES,2001-08-31,2001-09-01
ISM_PRICES,2001-09-30,2001-10-01
ISM_PRICES,2001-10-31,2001-11-01
ISM_PRICES,2001-11-30,2001-12-01
ISM_PRICES,2001-12-31,2002-01-01
ISM_PRICES,2002-01-31,2002-02-01
ISM_PRICES,2002-02-28,2002-03-01
ISM_PRICES,2002-03-31,2002-04-01
ISM_PRICES,2002-04-30,2002-05-01
ISM_PRICES,2002-05-31,2002-06-01
ISM_PRICES,2002-06-30,2002-07-01
ISM_PRICES,2002-07-31,2002-08-01
ISM_PRICES,2002-08-31,2002-09-01
ISM_PRICES,2002-09-30,2002-10-01
ISM_PRICES,2002-10-31,2002-11-01
ISM_PRICES,2002-11-30,2002-12-01
ISM_PRICES,2002-12-31,2003-01-01
ISM_PRICES,2003-01-31,2003-02-01
ISM_PRICES,2003-02-28,2003-03-01
ISM_PRICES,2003-03-31,2003-04-01
ISM_PRICES,2003-04-30,2003-05-01
ISM_PRICES,2003-05-31,2003-06-01
ISM_PRICES,2003-06-30,2003-07-01
ISM_PRICES,2003-07-31,2003-08-01
ISM_PRICES,2003-08-31,2003-09-01
ISM_PRICES,2003-09-30,2003-10-01
ISM_PRICES,2003-10-31,2003-11-01
ISM_PRICES,2003-11-30,2003-12-01
ISM_PRICES,2003-12-31,2004-01-01
ISM_PRICES,2004-01-31,2004-02-01
ISM_PRICES,2004-02-29,2004-03-01
ISM_PRICES,2004-03-31,2004-04-01
ISM_PRICES,2004-04-30,2004-05-01
ISM_PRICES,2004-05-31,2004-06-01
ISM_PRICES,2004-06-30,2004-07-01
ISM_PRICES,2004-07-31,2004-08-01
ISM_PRICES,2004-08-31,2004-09-01
ISM_PRICES,2004-09-30,2004-10-01
ISM_PRICES,2004-10-31,2004-11-01
ISM_PRICES,2004-11-30,2004-12-01
ISM_PRICES,2004-12-31,2005-01-01
ISM_PRICES,2005-01-31,2005-02-01
ISM_PRICES,2005-02-28,2005-03-01
ISM_PRICES,2005-03-31,2005-04-01
ISM_PRICES,2005-04-30,2005-05-01
ISM_PRICES,2005-05-31,2005-06-01
ISM_PRICES,2005-06-30,2005-07-01
ISM_PRICES,2005-07-31,2005-08-01
ISM_PRICES,2005-08-31,2005-09-01
ISM_PRICES,2005-09-30,2005-10-01
ISM_PRICES,2005-10-31,2005-11-01
ISM_PRICES,2005-11-30,2005-12-01
ISM_PRICES,2005-12-31,2006-01-01
ISM_PRICES,2006-01-31,2006-02-01
ISM_PRICES,2006-02-28,2006-03-01
ISM_PRICES,2006-03-31,2006-04-01
ISM_PRICES,2006-04-30,2006-05-01
ISM_PRICES,2006-05-31,2006-06-01
ISM_PRICES,2006-06-30,2006-07-01
ISM_PRICES,2006-07-31,2006-08-01
ISM_PRICES,2006-08-31,2006-09-01
ISM_PRICES,2006-09-30,2006-10-01
ISM_PRICES,2006-10-31,2006-11-01
ISM_PRICES,2006-11-30,2006-12-01
ISM_PRICES,2006-12-31,2007-01-01
ISM_PRICES,2007-01-31,2007-02-01
ISM_PRICES,2007-02-28,2007-03-01
ISM_PRICES,2007-03-31,2007-04-01
ISM_PRICES,2007-04-30,2007-05-01
ISM_PRICES,2007-05-31,2007-06-01
ISM_PRICES,2007-06-30,2007-07-01
ISM_PRICES,2007-07-31,2007-08-01
ISM_PRICES,2007-08-31,2007-09-01
ISM_PRICES,2007-09-30,2007-10-01
ISM_PRICES,2007-10-31,2007-11-01
ISM_PRICES,2007-11-30,2007-12-01
ISM_PRICES,2007-12-31,2008-01-01
ISM_PRICES,2008-01-31,2008-02-01
ISM_PRICES,2008-02-29,2008-03-03
ISM_PRICES,2008-03-31,2008-04-01
ISM_PRICES,2008-04-30,2008-05-01
ISM_PRICES,2008-05-31,2008-06-02
ISM_PRICES,2008-06-30,2008-07-01
ISM_PRICES,2008-07-31,2008-08-01
ISM_PRICES,2008-08-31,2008-10-01
ISM_PRICES,2008-09-30,2008-10-01
ISM_PRICES,2008-10-31,2008-11-03
ISM_PRICES,2008-11-30,2008-12-01
ISM_PRICES,2008-12-31,2009-01-02
ISM_PRICES,2009-01-31,2009-02-02
ISM_PRICES,2009-02-28,2009-03-02
ISM_PRICES,2009-03-31,2009-04-01
ISM_PRICES,2009-04-30,2009-05-01
ISM_PRICES,2009-05-31,2009-06-01
ISM_PRICES,2009-06-30,2009-07-01
ISM_PRICES,2009-07-31,2009-08-03
ISM_PRICES,2009-08-31,2009-09-01
ISM_PRICES,2009-09-30,2009-10-01
ISM_PRICES,2009-10-31,2009-11-02
ISM_PRICES,2009-11-30,2009-12-01
ISM_PRICES,2009-12-31,2010-01-04
ISM_PRICES,2010-01-31,2010-02-01
ISM_PRICES,2010-02-28,2010-03-01
ISM_PRICES,2010-03-31,2010-04-01
ISM_PRICES,2010-04-30,2010-05-03
ISM_PRICES,2010-05-31,2010-06-01
ISM_PRICES,2010-06-30,2010-07-01
ISM_PRICES,2010-07-31,2010-08-02
ISM_PRICES,2010-08-31,2010-09-01
ISM_PRICES,2010-09-30,2010-10-01
ISM_PRICES,2010-10-31,2010-11-01
ISM_PRICES,2010-11-30,2010-12-01
ISM_PRICES,2010-12-31,2011-01-03
ISM_PRICES,2011-01-31,2011-02-01
ISM_PRICES,2011-02-28,2011-03-01
ISM_PRICES,2011-03-31,2011-04-01
ISM_PRICES,2011-04-30,2011-05-02
ISM_PRICES,2011-05-31,2011-06-01
ISM_PRICES,2011-06-30,2011-07-01
ISM_PRICES,2011-07-31,2011-08-01
ISM_PRICES,2011-08-31,2011-09-01
ISM_PRICES,2011-09-30,2011-10-03
ISM_PRICES,2011-10-31,2011-11-01
ISM_PRICES,2011-11-30,2011-12-01
ISM_PRICES,2011-12-31,2012-01-03
ISM_PRICES,2012-01-31,2012-02-01
ISM_PRICES,2012-02-29,2012-03-01
ISM_PRICES,2012-03-31,2012-04-02
ISM_PRICES,2012-04-30,2012-05-01
ISM_PRICES,2012-05-31,2012-06-01
ISM_PRICES,2012-06-30,2012-07-02
ISM_PRICES,2012-07-31,2012-08-01
ISM_PRICES,2012-08-31,2012-09-04
ISM_PRICES,2012-09-30,2012-10-01
ISM_PRICES,2012-10-31,2012-11-01
ISM_PRICES,2012-11-30,2012-12-03
ISM_PRICES,2012-12-31,2013-01-02
ISM_PRICES,2013-01-31,2013-02-01
ISM_PRICES,2013-02-28,2013-03-01
ISM_PRICES,2013-03-31,2013-04-01
ISM_PRICES,2013-04-30,2013-05-01
ISM_PRICES,2013-05-31,2013-06-03
ISM_PRICES,2013-06-30,2013-07-01
ISM_PRICES,2013-07-31,2013-08-01
ISM_PRICES,2013-08-31,2013-09-03
ISM_PRICES,2013-09-30,2013-10-01
ISM_PRICES,2013-10-31,2013-11-01
ISM_PRICES,2013-11-30,2013-12-02
ISM_PRICES,2013-12-31,2014-01-02
ISM_PRICES,2014-01-31,2014-02-03
ISM_PRICES,2014-02-28,2014-03-03
ISM_PRICES,2014-03-31,2014-04-01
ISM_PRICES,2014-04-30,2014-05-01
ISM_PRICES,2014-05-31,2014-06-02
ISM_PRICES,2014-06-30,2014-07-01
ISM_PRICES,2014-07-31,2014-08-01
ISM_PRICES,2014-08-31,2014-09-02
ISM_PRICES,2014-09-30,2014-10-01
ISM_PRICES,2014-10-31,2014-11-03
ISM_PRICES,2014-11-30,2014-12-01
ISM_PRICES,2014-12-31,2015-01-02
ISM_PRICES,2015-01-31,2015-02-02
ISM_PRICES,2015-02-28,2015-03-02
ISM_PRICES,2015-03-31,2015-04-01
ISM_PRICES,2015-04-30,2015-05-01
ISM_PRICES,2015-05-31,2015-06-01
ISM_PRICES,2015-06-30,2015-07-01
ISM_PRICES,2015-07-31,2015-08-03
ISM_PRICES,2015-08-31,2015-09-01
ISM_PRICES,2015-09-30,2015-10-01
ISM_PRICES,2015-10-31,2015-11-02
ISM_PRICES,2015-11-30,2015-12-01
ISM_PRICES,2015-12-31,2016-01-04
ISM_PRICES,2016-01-31,2016-02-01
ISM_PRICES,2016-02-29,2016-03-01
ISM_PRICES,2016-03-31,2016-04-01
ISM_PRICES,2016-04-30,2016-05-02
ISM_PRICES,2016-05-31,2016-06-01
ISM_PRICES,2016-06-30,2016-07-01
ISM_PRICES,2016-07-31,2016-08-01
ISM_PRICES,2016-08-31,2016-09-01
ISM_PRICES,2016-09-30,2016-10-03
ISM_PRICES,2016-10-31,2016-11-01
ISM_PRICES,2016-11-30,2016-12-01
ISM_PRICES,2016-12-31,2017-01-03
ISM_PRICES,2017-01-31,2017-02-01
ISM_PRICES,2017-02-28,2017-03-01
ISM_PRICES,2017-03-31,2017-04-03
ISM_PRICES,2017-04-30,2017-05-01
ISM_PRICES,2017-05-31,2017-06-01
ISM_PRICES,2017-06-30,2017-07-03
ISM_PRICES,2017-07-31,2017-08-01
ISM_PRICES,2017-08-31,2017-09-01
ISM_PRICES,2017-09-30,2017-10-02
ISM_PRICES,2017-10-31,2017-11-01
ISM_PRICES,2017-11-30,2017-12-01
ISM_PRICES,2017-12-31,2018-01-03
ISM_PRICES,2018-01-31,2018-02-01
ISM_PRICES,2018-02-28,2018-03-01
ISM_PRICES,2018-03-31,2018-04-02
ISM_PRICES,2018-04-30,2018-05-01
ISM_PRICES,2018-05-31,2018-06-01
ISM_PRICES,2018-06-30,2018-07-02
ISM_PRICES,2018-07-31,2018-08-01
ISM_PRICES,2018-08-31,2018-09-04
ISM_PRICES,2018-09-30,2018-10-01
ISM_PRICES,2018-10-31,2018-11-01
ISM_PRICES,2018-11-30,2018-12-03
ISM_PRICES,2018-12-31,2019-01-03
ISM_PRICES,2019-01-31,2019-02-01
ISM_PRICES,2019-02-28,2019-03-01
ISM_PRICES,2019-03-31,2019-04-01
ISM_PRICES,2019-04-30,2019-05-01
ISM_PRICES,2019-05-31,2019-06-03
ISM_PRICES,2019-06-30,2019-07-01
ISM_PRICES,2019-07-31,2019-08-01
ISM_PRICES,2019-08-31,2019-09-03
ISM_PRICES,2019-09-30,2019-10-01
ISM_PRICES,2019-10-31,2019-11-01
ISM_PRICES,2019-11-30,2019-12-02
ISM_PRICES,2019-12-31,2020-01-03
ISM_PRICES,2020-01-31,2020-02-03
ISM_PRICES,2020-02-29,2020-03-02
ISM_PRICES,2020-03-31,2020-04-01
ISM_PRICES,2020-04-30,2020-05-01
ISM_PRICES,2020-05-31,2020-06-01
ISM_PRICES,2020-06-30,2020-07-01
ISM_PRICES,2020-07-31,2020-08-03
ISM_PRICES,2020-08-31,2020-09-01
ISM_PRICES,2020-09-30,2020-10-01
ISM_PRICES,2020-10-31,2020-11-02
ISM_PRICES,2020-11-30,2020-12-01
ISM_PRICES,2020-12-31,2021-01-05
ISM_PRICES,2021-01-31,2021-02-01
ISM_PRICES,2021-02-28,2021-03-01
ISM_PRICES,2021-03-31,2021-04-01
ISM_PRICES,2021-04-30,2021-05-03
ISM_PRICES,2021-05-31,2021-06-01
ISM_PRICES,2021-06-30,2021-07-01
ISM_PRICES,2021-07-31,2021-08-02
ISM_PRICES,2021-08-31,2021-09-01
ISM_PRICES,2021-09-30,2021-10-01
ISM_PRICES,2021-10-31,2021-11-01
ISM_PRICES,2021-11-30,2021-12-01
ISM_PRICES,2021-12-31,2022-01-04
ISM_PRICES,2022-01-31,2022-02-01
ISM_PRICES,2022-02-28,2022-03-01
ISM_PRICES,2022-03-31,2022-04-01
ISM_PRICES,2022-04-30,2022-05-02
ISM_PRICES,2022-05-31,2022-06-01
ISM_PRICES,2022-06-30,2022-07-01
ISM_PRICES,2022-07-31,2022-08-01
ISM_PRICES,2022-08-31,2022-09-01
ISM_PRICES,2022-09-30,2022-10-03
ISM_PRICES,2022-10-31,2022-11-01
ISM_PRICES,2022-11-30,2022-12-01
ISM_PRICES,2022-12-31,2023-01-04
ISM_PRICES,2023-01-31,2023-02-01
ISM_PRICES,2023-02-28,2023-03-01
ISM_PRICES,2023-03-31,2023-04-03
ISM_PRICES,2023-04-30,2023-05-01
ISM_PRICES,2023-05-31,2023-06-01
ISM_PRICES,2023-06-30,2023-07-03
ISM_PRICES,2023-07-31,2023-08-01
ISM_PRICES,2023-08-31,2023-09-01
ISM_PRICES,2023-09-30,2023-10-02
ISM_PRICES,2023-10-31,2023-11-01
ISM_PRICES,2023-11-30,2023-12-01
ISM_PRICES,2023-12-31,2024-01-03
ISM_PRICES,2024-01-31,2024-02-01
ISM_PRICES,2024-02-29,2024-03-01
ISM_PRICES,2024-03-31,2024-04-01
ISM_PRICES,2024-04-30,2024-05-01
ISM_PRICES,2024-05-31,2024-06-03
ISM_PRICES,2024-06-30,2024-07-01
ISM_PRICES,2024-07-31,2024-08-01
ISM_PRICES,2024-08-31,2024-09-03
ISM_PRICES,2024-09-30,2024-10-01
ISM_PRICES,2024-10-31,2024-11-01
ISM_PRICES,2024-11-30,2024-12-02
ISM_PRICES,2024-12-31,2025-01-03
ISM_PRICES,2025-01-31,2025-02-03
ISM_PRICES,2025-02-28,2025-03-03
ISM_PRICES,2025-03-31,2025-04-01
ISM_PRICES,2025-04-30,2025-05-01
ISM_PRICES,2025-05-31,2025-06-02
ISM_PRICES,2025-06-30,2025-07-01
ISM_PRICES,2025-07-31,2025-08-01
ISM_PRICES,2025-08-31,2025-09-02
ISM_PRICES,2025-09-30,2025-10-01
ISM_PRICES,2025-10-31,2025-11-03
ISM_PRICES,2025-11-30,2025-12-01
ISM_PRICES,2025-12-31,2026-01-05
ISM_PRICES,2026-01-31,2026-02-02
ISM_PRICES,2026-02-28,2026-03-02
ISM_PRICES,2026-03-31,2026-04-01
ISM_PRICES,2026-04-30,2026-05-01
ISM_PRICES,2026-05-31,2026-06-01
ISM_PRICES,2026-06-30,2026-07-01
ISM_EMP,1979-12-31,1980-01-01
ISM_EMP,1980-01-31,1980-02-01
ISM_EMP,1980-02-29,1980-03-01
ISM_EMP,1980-03-31,1980-04-01
ISM_EMP,1980-04-30,1980-05-01
ISM_EMP,1980-05-31,1980-06-01
ISM_EMP,1980-06-30,1980-07-01
ISM_EMP,1980-07-31,1980-08-01
ISM_EMP,1980-08-31,1980-09-01
ISM_EMP,1980-09-30,1980-10-01
ISM_EMP,1980-10-31,1980-11-01
ISM_EMP,1980-11-30,1980-12-01
ISM_EMP,1980-12-31,1981-01-01
ISM_EMP,1981-01-31,1981-02-01
ISM_EMP,1981-02-28,1981-03-01
ISM_EMP,1981-03-31,1981-04-01
ISM_EMP,1981-04-30,1981-05-01
ISM_EMP,1981-05-31,1981-06-01
ISM_EMP,1981-06-30,1981-07-01
ISM_EMP,1981-07-31,1981-08-01
ISM_EMP,1981-08-31,1981-09-01
ISM_EMP,1981-09-30,1981-10-01
ISM_EMP,1981-10-31,1981-11-01
ISM_EMP,1981-11-30,1981-12-01
ISM_EMP,1981-12-31,1982-01-01
ISM_EMP,1982-01-31,1982-02-01
ISM_EMP,1982-02-28,1982-03-01
ISM_EMP,1982-03-31,1982-04-01
ISM_EMP,1982-04-30,1982-05-01
ISM_EMP,1982-05-31,1982-06-01
ISM_EMP,1982-06-30,1982-07-01
ISM_EMP,1982-07-31,1982-08-01
ISM_EMP,1982-08-31,1982-09-01
ISM_EMP,1982-09-30,1982-10-01
ISM_EMP,1982-10-31,1982-11-01
ISM_EMP,1982-11-30,1982-12-01
ISM_EMP,1982-12-31,1983-01-01
ISM_EMP,1983-01-31,1983-02-01
ISM_EMP,1983-02-28,1983-03-01
ISM_EMP,1983-03-31,1983-04-01
ISM_EMP,1983-04-30,1983-05-01
ISM_EMP,1983-05-31,1983-06-01
ISM_EMP,1983-06-30,1983-07-01
ISM_EMP,1983-07-31,1983-08-01
ISM_EMP,1983-08-31,1983-09-01
ISM_EMP,1983-09-30,1983-10-01
ISM_EMP,1983-10-31,1983-11-01
ISM_EMP,1983-11-30,1983-12-01
ISM_EMP,1983-12-31,1984-01-01
ISM_EMP,1984-01-31,1984-02-01
ISM_EMP,1984-02-29,1984-03-01
ISM_EMP,1984-03-31,1984-04-01
ISM_EMP,1984-04-30,1984-05-01
ISM_EMP,1984-05-31,1984-06-01
ISM_EMP,1984-06-30,1984-07-01
ISM_EMP,1984-07-31,1984-08-01
ISM_EMP,1984-08-31,1984-09-01
ISM_EMP,1984-09-30,1984-10-01
ISM_EMP,1984-10-31,1984-11-01
ISM_EMP,1984-11-30,1984-12-01
ISM_EMP,1984-12-31,1985-01-01
ISM_EMP,1985-01-31,1985-02-01
ISM_EMP,1985-02-28,1985-03-01
ISM_EMP,1985-03-31,1985-04-01
ISM_EMP,1985-04-30,1985-05-01
ISM_EMP,1985-05-31,1985-06-01
ISM_EMP,1985-06-30,1985-07-01
ISM_EMP,1985-07-31,1985-08-01
ISM_EMP,1985-08-31,1985-09-01
ISM_EMP,1985-09-30,1985-10-01
ISM_EMP,1985-10-31,1985-11-01
ISM_EMP,1985-11-30,1985-12-01
ISM_EMP,1985-12-31,1986-01-01
ISM_EMP,1986-01-31,1986-02-01
ISM_EMP,1986-02-28,1986-03-01
ISM_EMP,1986-03-31,1986-04-01
ISM_EMP,1986-04-30,1986-05-01
ISM_EMP,1986-05-31,1986-06-01
ISM_EMP,1986-06-30,1986-07-01
ISM_EMP,1986-07-31,1986-08-01
ISM_EMP,1986-08-31,1986-09-01
ISM_EMP,1986-09-30,1986-10-01
ISM_EMP,1986-10-31,1986-11-01
ISM_EMP,1986-11-30,1986-12-01
ISM_EMP,1986-12-31,1987-01-01
ISM_EMP,1987-01-31,1987-02-01
ISM_EMP,1987-02-28,1987-03-01
ISM_EMP,1987-03-31,1987-04-01
ISM_EMP,1987-04-30,1987-05-01
ISM_EMP,1987-05-31,1987-06-01
ISM_EMP,1987-06-30,1987-07-01
ISM_EMP,1987-07-31,1987-08-01
ISM_EMP,1987-08-31,1987-09-01
ISM_EMP,1987-09-30,1987-10-01
ISM_EMP,1987-10-31,1987-11-01
ISM_EMP,1987-11-30,1987-12-01
ISM_EMP,1987-12-31,1988-01-01
ISM_EMP,1988-01-31,1988-02-01
ISM_EMP,1988-02-29,1988-03-01
ISM_EMP,1988-03-31,1988-04-01
ISM_EMP,1988-04-30,1988-05-01
ISM_EMP,1988-05-31,1988-06-01
ISM_EMP,1988-06-30,1988-07-01
ISM_EMP,1988-07-31,1988-08-01
ISM_EMP,1988-08-31,1988-09-01
ISM_EMP,1988-09-30,1988-10-01
ISM_EMP,1988-10-31,1988-11-01
ISM_EMP,1988-11-30,1988-12-01
ISM_EMP,1988-12-31,1989-01-01
ISM_EMP,1989-01-31,1989-02-01
ISM_EMP,1989-02-28,1989-03-01
ISM_EMP,1989-03-31,1989-04-01
ISM_EMP,1989-04-30,1989-05-01
ISM_EMP,1989-05-31,1989-06-01
ISM_EMP,1989-06-30,1989-07-01
ISM_EMP,1989-07-31,1989-08-01
ISM_EMP,1989-08-31,1989-09-01
ISM_EMP,1989-09-30,1989-10-01
ISM_EMP,1989-10-31,1989-11-01
ISM_EMP,1989-11-30,1989-12-01
ISM_EMP,1989-12-31,1990-01-01
ISM_EMP,1990-01-31,1990-02-01
ISM_EMP,1990-02-28,1990-03-01
ISM_EMP,1990-03-31,1990-04-01
ISM_EMP,1990-04-30,1990-05-01
ISM_EMP,1990-05-31,1990-06-01
ISM_EMP,1990-06-30,1990-07-01
ISM_EMP,1990-07-31,1990-08-01
ISM_EMP,1990-08-31,1990-09-01
ISM_EMP,1990-09-30,1990-10-01
ISM_EMP,1990-10-31,1990-11-01
ISM_EMP,1990-11-30,1990-12-01
ISM_EMP,1990-12-31,1991-01-01
ISM_EMP,1991-01-31,1991-02-01
ISM_EMP,1991-02-28,1991-03-01
ISM_EMP,1991-03-31,1991-04-01
ISM_EMP,1991-04-30,1991-05-01
ISM_EMP,1991-05-31,1991-06-01
ISM_EMP,1991-06-30,1991-07-01
ISM_EMP,1991-07-31,1991-08-01
ISM_EMP,1991-08-31,1991-09-01
ISM_EMP,1991-09-30,1991-10-01
ISM_EMP,1991-10-31,1991-11-01
ISM_EMP,1991-11-30,1991-12-01
ISM_EMP,1991-12-31,1992-01-01
ISM_EMP,1992-01-31,1992-02-01
ISM_EMP,1992-02-29,1992-03-01
ISM_EMP,1992-03-31,1992-04-01
ISM_EMP,1992-04-30,1992-05-01
ISM_EMP,1992-05-31,1992-06-01
ISM_EMP,1992-06-30,1992-07-01
ISM_EMP,1992-07-31,1992-08-01
ISM_EMP,1992-08-31,1992-09-01
ISM_EMP,1992-09-30,1992-10-01
ISM_EMP,1992-10-31,1992-11-01
ISM_EMP,1992-11-30,1992-12-01
ISM_EMP,1992-12-31,1993-01-01
ISM_EMP,1993-01-31,1993-02-01
ISM_EMP,1993-02-28,1993-03-01
ISM_EMP,1993-03-31,1993-04-01
ISM_EMP,1993-04-30,1993-05-01
ISM_EMP,1993-05-31,1993-06-01
ISM_EMP,1993-06-30,1993-07-01
ISM_EMP,1993-07-31,1993-08-01
ISM_EMP,1993-08-31,1993-09-01
ISM_EMP,1993-09-30,1993-10-01
ISM_EMP,1993-10-31,1993-11-01
ISM_EMP,1993-11-30,1993-12-01
ISM_EMP,1993-12-31,1994-01-01
ISM_EMP,1994-01-31,1994-02-01
ISM_EMP,1994-02-28,1994-03-01
ISM_EMP,1994-03-31,1994-04-01
ISM_EMP,1994-04-30,1994-05-01
ISM_EMP,1994-05-31,1994-06-01
ISM_EMP,1994-06-30,1994-07-01
ISM_EMP,1994-07-31,1994-08-01
ISM_EMP,1994-08-31,1994-09-01
ISM_EMP,1994-09-30,1994-10-01
ISM_EMP,1994-10-31,1994-11-01
ISM_EMP,1994-11-30,1994-12-01
ISM_EMP,1994-12-31,1995-01-01
ISM_EMP,1995-01-31,1995-02-01
ISM_EMP,1995-02-28,1995-03-01
ISM_EMP,1995-03-31,1995-04-01
ISM_EMP,1995-04-30,1995-05-01
ISM_EMP,1995-05-31,1995-06-01
ISM_EMP,1995-06-30,1995-07-01
ISM_EMP,1995-07-31,1995-08-01
ISM_EMP,1995-08-31,1995-09-01
ISM_EMP,1995-09-30,1995-10-01
ISM_EMP,1995-10-31,1995-11-01
ISM_EMP,1995-11-30,1995-12-01
ISM_EMP,1995-12-31,1996-01-01
ISM_EMP,1996-01-31,1996-02-01
ISM_EMP,1996-02-29,1996-03-01
ISM_EMP,1996-03-31,1996-04-01
ISM_EMP,1996-04-30,1996-05-01
ISM_EMP,1996-05-31,1996-06-01
ISM_EMP,1996-06-30,1996-07-01
ISM_EMP,1996-07-31,1996-08-01
ISM_EMP,1996-08-31,1996-09-01
ISM_EMP,1996-09-30,1996-10-01
ISM_EMP,1996-10-31,1996-11-01
ISM_EMP,1996-11-30,1996-12-01
ISM_EMP,1996-12-31,1997-01-01
ISM_EMP,1997-01-31,1997-02-01
ISM_EMP,1997-02-28,1997-03-01
ISM_EMP,1997-03-31,1997-04-01
ISM_EMP,1997-04-30,1997-05-01
ISM_EMP,1997-05-31,1997-06-01
ISM_EMP,1997-06-30,1997-07-01
ISM_EMP,1997-07-31,1997-08-01
ISM_EMP,1997-08-31,1997-09-01
ISM_EMP,1997-09-30,1997-10-01
ISM_EMP,1997-10-31,1997-11-01
ISM_EMP,1997-11-30,1997-12-01
ISM_EMP,1997-12-31,1998-01-01
ISM_EMP,1998-01-31,1998-02-01
ISM_EMP,1998-02-28,1998-03-01
ISM_EMP,1998-03-31,1998-04-01
ISM_EMP,1998-04-30,1998-05-01
ISM_EMP,1998-05-31,1998-06-01
ISM_EMP,1998-06-30,1998-07-01
ISM_EMP,1998-07-31,1998-08-01
ISM_EMP,1998-08-31,1998-09-01
ISM_EMP,1998-09-30,1998-10-01
ISM_EMP,1998-10-31,1998-11-01
ISM_EMP,1998-11-30,1998-12-01
ISM_EMP,1998-12-31,1999-01-01
ISM_EMP,1999-01-31,1999-02-01
ISM_EMP,1999-02-28,1999-03-01
ISM_EMP,1999-03-31,1999-04-01
ISM_EMP,1999-04-30,1999-05-01
ISM_EMP,1999-05-31,1999-06-01
ISM_EMP,1999-06-30,1999-07-01
ISM_EMP,1999-07-31,1999-08-01
ISM_EMP,1999-08-31,1999-09-01
ISM_EMP,1999-09-30,1999-10-01
ISM_EMP,1999-10-31,1999-11-01
ISM_EMP,1999-11-30,1999-12-01
ISM_EMP,1999-12-31,2000-01-01
ISM_EMP,2000-01-31,2000-02-01
ISM_EMP,2000-02-29,2000-03-01
ISM_EMP,2000-03-31,2000-04-01
ISM_EMP,2000-04-30,2000-05-01
ISM_EMP,2000-05-31,2000-06-01
ISM_EMP,2000-06-30,2000-07-01
ISM_EMP,2000-07-31,2000-08-01
ISM_EMP,2000-08-31,2000-09-01
ISM_EMP,2000-09-30,2000-10-01
ISM_EMP,2000-10-31,2000-11-01
ISM_EMP,2000-11-30,2000-12-01
ISM_EMP,2000-12-31,2001-01-01
ISM_EMP,2001-01-31,2001-02-01
ISM_EMP,2001-02-28,2001-03-01
ISM_EMP,2001-03-31,2001-04-01
ISM_EMP,2001-04-30,2001-05-01
ISM_EMP,2001-05-31,2001-06-01
ISM_EMP,2001-06-30,2001-07-01
ISM_EMP,2001-07-31,2001-08-01
ISM_EMP,2001-08-31,2001-09-01
ISM_EMP,2001-09-30,2001-10-01
ISM_EMP,2001-10-31,2001-11-01
ISM_EMP,2001-11-30,2001-12-01
ISM_EMP,2001-12-31,2002-01-01
ISM_EMP,2002-01-31,2002-02-01
ISM_EMP,2002-02-28,2002-03-01
ISM_EMP,2002-03-31,2002-04-01
ISM_EMP,2002-04-30,2002-05-01
ISM_EMP,2002-05-31,2002-06-01
ISM_EMP,2002-06-30,2002-07-01
ISM_EMP,2002-07-31,2002-08-01
ISM_EMP,2002-08-31,2002-09-01
ISM_EMP,2002-09-30,2002-10-01
ISM_EMP,2002-10-31,2002-11-01
ISM_EMP,2002-11-30,2002-12-01
ISM_EMP,2002-12-31,2003-01-01
ISM_EMP,2003-01-31,2003-02-01
ISM_EMP,2003-02-28,2003-03-01
ISM_EMP,2003-03-31,2003-04-01
ISM_EMP,2003-04-30,2003-05-01
ISM_EMP,2003-05-31,2003-06-01
ISM_EMP,2003-06-30,2003-07-01
ISM_EMP,2003-07-31,2003-08-01
ISM_EMP,2003-08-31,2003-09-01
ISM_EMP,2003-09-30,2003-10-01
ISM_EMP,2003-10-31,2003-11-01
ISM_EMP,2003-11-30,2003-12-01
ISM_EMP,2003-12-31,2004-01-01
ISM_EMP,2004-01-31,2004-02-01
ISM_EMP,2004-02-29,2004-03-01
ISM_EMP,2004-03-31,2004-04-01
ISM_EMP,2004-04-30,2004-05-01
ISM_EMP,2004-05-31,2004-06-01
ISM_EMP,2004-06-30,2004-07-01
ISM_EMP,2004-07-31,2004-08-01
ISM_EMP,2004-08-31,2004-09-01
ISM_EMP,2004-09-30,2004-10-01
ISM_EMP,2004-10-31,2004-11-01
ISM_EMP,2004-11-30,2004-12-01
ISM_EMP,2004-12-31,2005-01-01
ISM_EMP,2005-01-31,2005-02-01
ISM_EMP,2005-02-28,2005-03-01
ISM_EMP,2005-03-31,2005-04-01
ISM_EMP,2005-04-30,2005-05-01
ISM_EMP,2005-05-31,2005-06-01
ISM_EMP,2005-06-30,2005-07-01
ISM_EMP,2005-07-31,2005-08-01
ISM_EMP,2005-08-31,2005-09-01
ISM_EMP,2005-09-30,2005-10-01
ISM_EMP,2005-10-31,2005-11-01
ISM_EMP,2005-11-30,2005-12-01
ISM_EMP,2005-12-31,2006-01-01
ISM_EMP,2006-01-31,2006-02-01
ISM_EMP,2006-02-28,2006-03-01
ISM_EMP,2006-03-31,2006-04-01
ISM_EMP,2006-04-30,2006-05-01
ISM_EMP,2006-05-31,2006-06-01
ISM_EMP,2006-06-30,2006-07-01
ISM_EMP,2006-07-31,2006-08-01
ISM_EMP,2006-08-31,2006-09-01
ISM_EMP,2006-09-30,2006-10-01
ISM_EMP,2006-10-31,2006-11-01
ISM_EMP,2006-11-30,2006-12-01
ISM_EMP,2006-12-31,2007-01-01
ISM_EMP,2007-01-31,2007-02-01
ISM_EMP,2007-02-28,2007-03-01
ISM_EMP,2007-03-31,2007-04-01
ISM_EMP,2007-04-30,2007-05-01
ISM_EMP,2007-05-31,2007-06-01
ISM_EMP,2007-06-30,2007-07-01
ISM_EMP,2007-07-31,2007-08-01
ISM_EMP,2007-08-31,2007-09-01
ISM_EMP,2007-09-30,2007-10-01
ISM_EMP,2007-10-31,2007-11-01
ISM_EMP,2007-11-30,2007-12-01
ISM_EMP,2007-12-31,2008-01-01
ISM_EMP,2008-01-31,2008-02-01
ISM_EMP,2008-02-29,2008-03-01
ISM_EMP,2008-03-31,2008-04-01
ISM_EMP,2008-04-30,2008-05-01
ISM_EMP,2008-05-31,2008-06-01
ISM_EMP,2008-06-30,2008-07-01
ISM_EMP,2008-07-31,2008-08-01
ISM_EMP,2008-08-31,2008-09-01
ISM_EMP,2008-09-30,2008-10-01
ISM_EMP,2008-10-31,2008-11-01
ISM_EMP,2008-11-30,2008-12-01
ISM_EMP,2008-12-31,2009-01-01
ISM_EMP,2009-01-31,2009-02-01
ISM_EMP,2009-02-28,2009-03-01
ISM_EMP,2009-03-31,2009-04-01
ISM_EMP,2009-04-30,2009-05-01
ISM_EMP,2009-05-31,2009-06-01
ISM_EMP,2009-06-30,2009-07-01
ISM_EMP,2009-07-31,2009-08-01
ISM_EMP,2009-08-31,2009-09-01
ISM_EMP,2009-09-30,2009-10-01
ISM_EMP,2009-10-31,2009-11-01
ISM_EMP,2009-11-30,2009-12-01
ISM_EMP,2009-12-31,2010-01-01
ISM_EMP,2010-01-31,2010-02-01
ISM_EMP,2010-02-28,2010-03-01
ISM_EMP,2010-03-31,2010-04-01
ISM_EMP,2010-04-30,2010-05-01
ISM_EMP,2010-05-31,2010-06-01
ISM_EMP,2010-06-30,2010-07-01
ISM_EMP,2010-07-31,2010-08-01
ISM_EMP,2010-08-31,2010-09-01
ISM_EMP,2010-09-30,2010-10-01
ISM_EMP,2010-10-31,2010-11-01
ISM_EMP,2010-11-30,2010-12-01
ISM_EMP,2010-12-31,2011-01-01
ISM_EMP,2011-01-31,2011-02-01
ISM_EMP,2011-02-28,2011-03-01
ISM_EMP,2011-03-31,2011-04-01
ISM_EMP,2011-04-30,2011-05-01
ISM_EMP,2011-05-31,2011-06-01
ISM_EMP,2011-06-30,2011-07-01
ISM_EMP,2011-07-31,2011-08-01
ISM_EMP,2011-08-31,2011-09-01
ISM_EMP,2011-09-30,2011-10-01
ISM_EMP,2011-10-31,2011-11-01
ISM_EMP,2011-11-30,2011-12-01
ISM_EMP,2011-12-31,2012-01-01
ISM_EMP,2012-01-31,2012-02-01
ISM_EMP,2012-02-29,2012-03-01
ISM_EMP,2012-03-31,2012-04-01
ISM_EMP,2012-04-30,2012-05-01
ISM_EMP,2012-05-31,2012-06-01
ISM_EMP,2012-06-30,2012-07-01
ISM_EMP,2012-07-31,2012-08-01
ISM_EMP,2012-08-31,2012-09-01
ISM_EMP,2012-09-30,2012-10-01
ISM_EMP,2012-10-31,2012-11-01
ISM_EMP,2012-11-30,2012-12-01
ISM_EMP,2012-12-31,2013-01-01
ISM_EMP,2013-01-31,2013-02-01
ISM_EMP,2013-02-28,2013-03-01
ISM_EMP,2013-03-31,2013-04-01
ISM_EMP,2013-04-30,2013-05-01
ISM_EMP,2013-05-31,2013-06-01
ISM_EMP,2013-06-30,2013-07-01
ISM_EMP,2013-07-31,2013-08-01
ISM_EMP,2013-08-31,2013-09-01
ISM_EMP,2013-09-30,2013-10-01
ISM_EMP,2013-10-31,2013-11-01
ISM_EMP,2013-11-30,2013-12-02
ISM_EMP,2013-12-31,2014-01-02
ISM_EMP,2014-01-31,2014-02-03
ISM_EMP,2014-02-28,2014-03-03
ISM_EMP,2014-03-31,2014-04-01
ISM_EMP,2014-04-30,2014-05-01
ISM_EMP,2014-05-31,2014-06-02
ISM_EMP,2014-06-30,2014-07-01
ISM_EMP,2014-07-31,2014-08-01
ISM_EMP,2014-08-31,2014-09-02
ISM_EMP,2014-09-30,2014-10-01
ISM_EMP,2014-10-31,2014-11-03
ISM_EMP,2014-11-30,2014-12-01
ISM_EMP,2014-12-31,2015-01-02
ISM_EMP,2015-01-31,2015-02-02
ISM_EMP,2015-02-28,2015-03-02
ISM_EMP,2015-03-31,2015-04-01
ISM_EMP,2015-04-30,2015-05-01
ISM_EMP,2015-05-31,2015-06-01
ISM_EMP,2015-06-30,2015-07-01
ISM_EMP,2015-07-31,2015-08-03
ISM_EMP,2015-08-31,2015-09-01
ISM_EMP,2015-09-30,2015-10-01
ISM_EMP,2015-10-31,2015-11-02
ISM_EMP,2015-11-30,2015-12-01
ISM_EMP,2015-12-31,2016-01-04
ISM_EMP,2016-01-31,2016-02-01
ISM_EMP,2016-02-29,2016-03-01
ISM_EMP,2016-03-31,2016-04-01
ISM_EMP,2016-04-30,2016-05-02
ISM_EMP,2016-05-31,2016-06-01
ISM_EMP,2016-06-30,2016-07-01
ISM_EMP,2016-07-31,2016-08-01
ISM_EMP,2016-08-31,2016-09-01
ISM_EMP,2016-09-30,2016-10-03
ISM_EMP,2016-10-31,2016-11-01
ISM_EMP,2016-11-30,2016-12-01
ISM_EMP,2016-12-31,2017-01-03
ISM_EMP,2017-01-31,2017-02-01
ISM_EMP,2017-02-28,2017-03-01
ISM_EMP,2017-03-31,2017-04-03
ISM_EMP,2017-04-30,2017-05-01
ISM_EMP,2017-05-31,2017-06-01
ISM_EMP,2017-06-30,2017-07-03
ISM_EMP,2017-07-31,2017-08-01
ISM_EMP,2017-08-31,2017-09-01
ISM_EMP,2017-09-30,2017-10-02
ISM_EMP,2017-10-31,2017-11-01
ISM_EMP,2017-11-30,2017-12-01
ISM_EMP,2017-12-31,2018-01-03
ISM_EMP,2018-01-31,2018-02-01
ISM_EMP,2018-02-28,2018-03-01
ISM_EMP,2018-03-31,2018-04-02
ISM_EMP,2018-04-30,2018-05-01
ISM_EMP,2018-05-31,2018-06-01
ISM_EMP,2018-06-30,2018-07-02
ISM_EMP,2018-07-31,2018-08-01
ISM_EMP,2018-08-31,2018-09-04
ISM_EMP,2018-09-30,2018-10-01
ISM_EMP,2018-10-31,2018-11-01
ISM_EMP,2018-11-30,2018-12-03
ISM_EMP,2018-12-31,2019-01-03
ISM_EMP,2019-01-31,2019-02-01
ISM_EMP,2019-02-28,2019-03-01
ISM_EMP,2019-03-31,2019-04-01
ISM_EMP,2019-04-30,2019-05-01
ISM_EMP,2019-05-31,2019-06-03
ISM_EMP,2019-06-30,2019-07-01
ISM_EMP,2019-07-31,2019-08-01
ISM_EMP,2019-08-31,2019-09-03
ISM_EMP,2019-09-30,2019-10-01
ISM_EMP,2019-10-31,2019-11-01
ISM_EMP,2019-11-30,2019-12-02
ISM_EMP,2019-12-31,2020-01-03
ISM_EMP,2020-01-31,2020-02-03
ISM_EMP,2020-02-29,2020-03-02
ISM_EMP,2020-03-31,2020-04-01
ISM_EMP,2020-04-30,2020-05-01
ISM_EMP,2020-05-31,2020-06-01
ISM_EMP,2020-06-30,2020-07-01
ISM_EMP,2020-07-31,2020-08-03
ISM_EMP,2020-08-31,2020-09-01
ISM_EMP,2020-09-30,2020-10-01
ISM_EMP,2020-10-31,2020-11-02
ISM_EMP,2020-11-30,2020-12-01
ISM_EMP,2020-12-31,2021-01-05
ISM_EMP,2021-01-31,2021-02-01
ISM_EMP,2021-02-28,2021-03-01
ISM_EMP,2021-03-31,2021-04-01
ISM_EMP,2021-04-30,2021-05-03
ISM_EMP,2021-05-31,2021-06-01
ISM_EMP,2021-06-30,2021-07-01
ISM_EMP,2021-07-31,2021-08-02
ISM_EMP,2021-08-31,2021-09-01
ISM_EMP,2021-09-30,2021-10-01
ISM_EMP,2021-10-31,2021-11-01
ISM_EMP,2021-11-30,2021-12-01
ISM_EMP,2021-12-31,2022-01-04
ISM_EMP,2022-01-31,2022-02-01
ISM_EMP,2022-02-28,2022-03-01
ISM_EMP,2022-03-31,2022-04-01
ISM_EMP,2022-04-30,2022-05-02
ISM_EMP,2022-05-31,2022-06-01
ISM_EMP,2022-06-30,2022-07-01
ISM_EMP,2022-07-31,2022-08-01
ISM_EMP,2022-08-31,2022-09-01
ISM_EMP,2022-09-30,2022-10-03
ISM_EMP,2022-10-31,2022-11-01
ISM_EMP,2022-11-30,2022-12-01
ISM_EMP,2022-12-31,2023-01-04
ISM_EMP,2023-01-31,2023-02-01
ISM_EMP,2023-02-28,2023-03-01
ISM_EMP,2023-03-31,2023-04-03
ISM_EMP,2023-04-30,2023-05-01
ISM_EMP,2023-05-31,2023-06-01
ISM_EMP,2023-06-30,2023-07-03
ISM_EMP,2023-07-31,2023-08-01
ISM_EMP,2023-08-31,2023-09-01
ISM_EMP,2023-09-30,2023-10-02
ISM_EMP,2023-10-31,2023-11-01
ISM_EMP,2023-11-30,2023-12-01
ISM_EMP,2023-12-31,2024-01-03
ISM_EMP,2024-01-31,2024-02-01
ISM_EMP,2024-02-29,2024-03-01
ISM_EMP,2024-03-31,2024-04-01
ISM_EMP,2024-04-30,2024-05-01
ISM_EMP,2024-05-31,2024-06-03
ISM_EMP,2024-06-30,2024-07-01
ISM_EMP,2024-07-31,2024-08-01
ISM_EMP,2024-08-31,2024-09-03
ISM_EMP,2024-09-30,2024-10-01
ISM_EMP,2024-10-31,2024-11-01
ISM_EMP,2024-11-30,2024-12-02
ISM_EMP,2024-12-31,2025-01-03
ISM_EMP,2025-01-31,2025-02-03
ISM_EMP,2025-02-28,2025-03-03
ISM_EMP,2025-03-31,2025-04-01
ISM_EMP,2025-04-30,2025-05-01
ISM_EMP,2025-05-31,2025-06-02
ISM_EMP,2025-06-30,2025-07-01
ISM_EMP,2025-07-31,2025-08-01
ISM_EMP,2025-08-31,2025-09-02
ISM_EMP,2025-09-30,2025-10-01
ISM_EMP,2025-10-31,2025-11-03
ISM_EMP,2025-11-30,2025-12-01
ISM_EMP,2025-12-31,2026-01-05
ISM_EMP,2026-01-31,2026-02-02
ISM_EMP,2026-02-28,2026-03-02
ISM_EMP,2026-03-31,2026-04-01
ISM_EMP,2026-04-30,2026-05-01
ISM_EMP,2026-05-31,2026-06-01
ISM_EMP,2026-06-30,2026-07-01
ISM_NMI,1997-07-31,1997-08-01
ISM_NMI,1997-08-31,1997-09-01
ISM_NMI,1997-09-30,1997-10-01
ISM_NMI,1997-10-31,1997-11-01
ISM_NMI,1997-11-30,1997-12-01
ISM_NMI,1997-12-31,1998-01-01
ISM_NMI,1998-01-31,1998-02-01
ISM_NMI,1998-02-28,1998-03-01
ISM_NMI,1998-03-31,1998-04-01
ISM_NMI,1998-04-30,1998-05-01
ISM_NMI,1998-05-31,1998-06-01
ISM_NMI,1998-06-30,1998-07-01
ISM_NMI,1998-07-31,1998-08-01
ISM_NMI,1998-08-31,1998-09-01
ISM_NMI,1998-09-30,1998-10-01
ISM_NMI,1998-10-31,1998-11-01
ISM_NMI,1998-11-30,1998-12-01
ISM_NMI,1998-12-31,1999-01-01
ISM_NMI,1999-01-31,1999-02-01
ISM_NMI,1999-02-28,1999-03-01
ISM_NMI,1999-03-31,1999-04-01
ISM_NMI,1999-04-30,1999-05-01
ISM_NMI,1999-05-31,1999-06-01
ISM_NMI,1999-06-30,1999-07-01
ISM_NMI,1999-07-31,1999-08-01
ISM_NMI,1999-08-31,1999-09-01
ISM_NMI,1999-09-30,1999-10-01
ISM_NMI,1999-10-31,1999-11-01
ISM_NMI,1999-11-30,1999-12-01
ISM_NMI,1999-12-31,2000-01-01
ISM_NMI,2000-01-31,2000-02-01
ISM_NMI,2000-02-29,2000-03-01
ISM_NMI,2000-03-31,2000-04-01
ISM_NMI,2000-04-30,2000-05-01
ISM_NMI,2000-05-31,2000-06-01
ISM_NMI,2000-06-30,2000-07-01
ISM_NMI,2000-07-31,2000-08-01
ISM_NMI,2000-08-31,2000-09-01
ISM_NMI,2000-09-30,2000-10-01
ISM_NMI,2000-10-31,2000-11-01
ISM_NMI,2000-11-30,2000-12-01
ISM_NMI,2000-12-31,2001-01-01
ISM_NMI,2001-01-31,2001-02-01
ISM_NMI,2001-02-28,2001-03-01
ISM_NMI,2001-03-31,2001-04-01
ISM_NMI,2001-04-30,2001-05-01
ISM_NMI,2001-05-31,2001-06-01
ISM_NMI,2001-06-30,2001-07-01
ISM_NMI,2001-07-31,2001-08-01
ISM_NMI,2001-08-31,2001-09-01
ISM_NMI,2001-09-30,2001-10-01
ISM_NMI,2001-10-31,2001-11-01
ISM_NMI,2001-11-30,2001-12-01
ISM_NMI,2001-12-31,2002-01-01
ISM_NMI,2002-01-31,2002-02-01
ISM_NMI,2002-02-28,2002-03-01
ISM_NMI,2002-03-31,2002-04-01
ISM_NMI,2002-04-30,2002-05-01
ISM_NMI,2002-05-31,2002-06-01
ISM_NMI,2002-06-30,2002-07-01
ISM_NMI,2002-07-31,2002-08-01
ISM_NMI,2002-08-31,2002-09-01
ISM_NMI,2002-09-30,2002-10-01
ISM_NMI,2002-10-31,2002-11-01
ISM_NMI,2002-11-30,2002-12-01
ISM_NMI,2002-12-31,2003-01-01
ISM_NMI,2003-01-31,2003-02-01
ISM_NMI,2003-02-28,2003-03-01
ISM_NMI,2003-03-31,2003-04-01
ISM_NMI,2003-04-30,2003-05-01
ISM_NMI,2003-05-31,2003-06-01
ISM_NMI,2003-06-30,2003-07-01
ISM_NMI,2003-07-31,2003-08-01
ISM_NMI,2003-08-31,2003-09-01
ISM_NMI,2003-09-30,2003-10-01
ISM_NMI,2003-10-31,2003-11-01
ISM_NMI,2003-11-30,2003-12-01
ISM_NMI,2003-12-31,2004-01-01
ISM_NMI,2004-01-31,2004-02-01
ISM_NMI,2004-02-29,2004-03-01
ISM_NMI,2004-03-31,2004-04-01
ISM_NMI,2004-04-30,2004-05-01
ISM_NMI,2004-05-31,2004-06-01
ISM_NMI,2004-06-30,2004-07-01
ISM_NMI,2004-07-31,2004-08-01
ISM_NMI,2004-08-31,2004-09-01
ISM_NMI,2004-09-30,2004-10-01
ISM_NMI,2004-10-31,2004-11-01
ISM_NMI,2004-11-30,2004-12-01
ISM_NMI,2004-12-31,2005-01-01
ISM_NMI,2005-01-31,2005-02-01
ISM_NMI,2005-02-28,2005-03-01
ISM_NMI,2005-03-31,2005-04-01
ISM_NMI,2005-04-30,2005-05-01
ISM_NMI,2005-05-31,2005-06-01
ISM_NMI,2005-06-30,2005-07-01
ISM_NMI,2005-07-31,2005-08-01
ISM_NMI,2005-08-31,2005-09-01
ISM_NMI,2005-09-30,2005-10-01
ISM_NMI,2005-10-31,2005-11-01
ISM_NMI,2005-11-30,2005-12-01
ISM_NMI,2005-12-31,2006-01-01
ISM_NMI,2006-01-31,2006-02-01
ISM_NMI,2006-02-28,2006-03-01
ISM_NMI,2006-03-31,2006-04-01
ISM_NMI,2006-04-30,2006-05-01
ISM_NMI,2006-05-31,2006-06-01
ISM_NMI,2006-06-30,2006-07-01
ISM_NMI,2006-07-31,2006-08-01
ISM_NMI,2006-08-31,2006-09-01
ISM_NMI,2006-09-30,2006-10-01
ISM_NMI,2006-10-31,2006-11-01
ISM_NMI,2006-11-30,2006-12-01
ISM_NMI,2006-12-31,2007-01-01
ISM_NMI,2007-01-31,2007-02-01
ISM_NMI,2007-02-28,2007-03-01
ISM_NMI,2007-03-31,2007-04-01
ISM_NMI,2007-04-30,2007-05-01
ISM_NMI,2007-05-31,2007-06-01
ISM_NMI,2007-06-30,2007-07-01
ISM_NMI,2007-07-31,2007-08-01
ISM_NMI,2007-08-31,2007-09-01
ISM_NMI,2007-09-30,2007-10-01
ISM_NMI,2007-10-31,2007-11-01
ISM_NMI,2007-11-30,2007-12-01
ISM_NMI,2007-12-31,2008-01-01
ISM_NMI,2008-01-31,2008-02-01
ISM_NMI,2008-02-29,2008-03-05
ISM_NMI,2008-03-31,2008-04-03
ISM_NMI,2008-04-30,2008-05-05
ISM_NMI,2008-05-31,2008-06-04
ISM_NMI,2008-06-30,2008-07-03
ISM_NMI,2008-07-31,2008-08-05
ISM_NMI,2008-08-31,2008-09-04
ISM_NMI,2008-09-30,2008-10-03
ISM_NMI,2008-10-31,2008-11-05
ISM_NMI,2008-11-30,2008-12-03
ISM_NMI,2008-12-31,2009-01-06
ISM_NMI,2009-01-31,2009-02-04
ISM_NMI,2009-02-28,2009-03-04
ISM_NMI,2009-03-31,2009-04-03
ISM_NMI,2009-04-30,2009-05-05
ISM_NMI,2009-05-31,2009-06-03
ISM_NMI,2009-06-30,2009-07-06
ISM_NMI,2009-07-31,2009-08-05
ISM_NMI,2009-08-31,2009-09-03
ISM_NMI,2009-09-30,2009-10-05
ISM_NMI,2009-10-31,2009-11-04
ISM_NMI,2009-11-30,2009-12-03
ISM_NMI,2009-12-31,2010-01-06
ISM_NMI,2010-01-31,2010-02-03
ISM_NMI,2010-02-28,2010-03-03
ISM_NMI,2010-03-31,2010-04-05
ISM_NMI,2010-04-30,2010-05-05
ISM_NMI,2010-05-31,2010-06-03
ISM_NMI,2010-06-30,2010-07-06
ISM_NMI,2010-07-31,2010-08-04
ISM_NMI,2010-08-31,2010-09-03
ISM_NMI,2010-09-30,2010-10-05
ISM_NMI,2010-10-31,2010-11-03
ISM_NMI,2010-11-30,2010-12-03
ISM_NMI,2010-12-31,2011-01-05
ISM_NMI,2011-01-31,2011-02-03
ISM_NMI,2011-02-28,2011-03-03
ISM_NMI,2011-03-31,2011-04-05
ISM_NMI,2011-04-30,2011-05-04
ISM_NMI,2011-05-31,2011-06-03
ISM_NMI,2011-06-30,2011-07-06
ISM_NMI,2011-07-31,2011-08-03
ISM_NMI,2011-08-31,2011-09-06
ISM_NMI,2011-09-30,2011-10-05
ISM_NMI,2011-10-31,2011-11-03
ISM_NMI,2011-11-30,2011-12-05
ISM_NMI,2011-12-31,2012-01-05
ISM_NMI,2012-01-31,2012-02-03
ISM_NMI,2012-02-29,2012-03-05
ISM_NMI,2012-03-31,2012-04-04
ISM_NMI,2012-04-30,2012-05-03
ISM_NMI,2012-05-31,2012-06-05
ISM_NMI,2012-06-30,2012-07-05
ISM_NMI,2012-07-31,2012-08-03
ISM_NMI,2012-08-31,2012-09-06
ISM_NMI,2012-09-30,2012-10-03
ISM_NMI,2012-10-31,2012-11-05
ISM_NMI,2012-11-30,2012-12-05
ISM_NMI,2012-12-31,2013-01-04
ISM_NMI,2013-01-31,2013-02-05
ISM_NMI,2013-02-28,2013-03-05
ISM_NMI,2013-03-31,2013-04-03
ISM_NMI,2013-04-30,2013-05-03
ISM_NMI,2013-05-31,2013-06-05
ISM_NMI,2013-06-30,2013-07-03
ISM_NMI,2013-07-31,2013-08-05
ISM_NMI,2013-08-31,2013-09-05
ISM_NMI,2013-09-30,2013-10-03
ISM_NMI,2013-10-31,2013-11-05
ISM_NMI,2013-11-30,2013-12-04
ISM_NMI,2013-12-31,2014-01-06
ISM_NMI,2014-01-31,2014-02-05
ISM_NMI,2014-02-28,2014-03-05
ISM_NMI,2014-03-31,2014-04-03
ISM_NMI,2014-04-30,2014-05-05
ISM_NMI,2014-05-31,2014-06-04
ISM_NMI,2014-06-30,2014-07-03
ISM_NMI,2014-07-31,2014-08-05
ISM_NMI,2014-08-31,2014-09-04
ISM_NMI,2014-09-30,2014-10-03
ISM_NMI,2014-10-31,2014-11-05
ISM_NMI,2014-11-30,2014-12-03
ISM_NMI,2014-12-31,2015-01-06
ISM_NMI,2015-01-31,2015-02-04
ISM_NMI,2015-02-28,2015-03-04
ISM_NMI,2015-03-31,2015-04-06
ISM_NMI,2015-04-30,2015-05-05
ISM_NMI,2015-05-31,2015-06-03
ISM_NMI,2015-06-30,2015-07-06
ISM_NMI,2015-07-31,2015-08-05
ISM_NMI,2015-08-31,2015-09-03
ISM_NMI,2015-09-30,2015-10-05
ISM_NMI,2015-10-31,2015-11-04
ISM_NMI,2015-11-30,2015-12-03
ISM_NMI,2015-12-31,2016-01-06
ISM_NMI,2016-01-31,2016-02-03
ISM_NMI,2016-02-29,2016-03-03
ISM_NMI,2016-03-31,2016-04-05
ISM_NMI,2016-04-30,2016-05-04
ISM_NMI,2016-05-31,2016-06-03
ISM_NMI,2016-06-30,2016-07-06
ISM_NMI,2016-07-31,2016-08-03
ISM_NMI,2016-08-31,2016-09-06
ISM_NMI,2016-09-30,2016-10-05
ISM_NMI,2016-10-31,2016-11-03
ISM_NMI,2016-11-30,2016-12-05
ISM_NMI,2016-12-31,2017-01-05
ISM_NMI,2017-01-31,2017-02-03
ISM_NMI,2017-02-28,2017-03-03
ISM_NMI,2017-03-31,2017-04-05
ISM_NMI,2017-04-30,2017-05-03
ISM_NMI,2017-05-31,2017-06-05
ISM_NMI,2017-06-30,2017-07-06
ISM_NMI,2017-07-31,2017-08-03
ISM_NMI,2017-08-31,2017-09-06
ISM_NMI,2017-09-30,2017-10-04
ISM_NMI,2017-10-31,2017-11-03
ISM_NMI,2017-11-30,2017-12-05
ISM_NMI,2017-12-31,2018-01-05
ISM_NMI,2018-01-31,2018-02-05
ISM_NMI,2018-02-28,2018-03-05
ISM_NMI,2018-03-31,2018-04-04
ISM_NMI,2018-04-30,2018-05-03
ISM_NMI,2018-05-31,2018-06-05
ISM_NMI,2018-06-30,2018-07-05
ISM_NMI,2018-07-31,2018-08-03
ISM_NMI,2018-08-31,2018-09-06
ISM_NMI,2018-09-30,2018-10-03
ISM_NMI,2018-10-31,2018-11-05
ISM_NMI,2018-11-30,2018-12-06
ISM_NMI,2018-12-31,2019-01-07
ISM_NMI,2019-01-31,2019-02-05
ISM_NMI,2019-02-28,2019-03-05
ISM_NMI,2019-03-31,2019-04-03
ISM_NMI,2019-04-30,2019-05-03
ISM_NMI,2019-05-31,2019-06-05
ISM_NMI,2019-06-30,2019-07-03
ISM_NMI,2019-07-31,2019-08-05
ISM_NMI,2019-08-31,2019-09-05
ISM_NMI,2019-09-30,2019-10-03
ISM_NMI,2019-10-31,2019-11-05
ISM_NMI,2019-11-30,2019-12-04
ISM_NMI,2019-12-31,2020-01-07
ISM_NMI,2020-01-31,2020-02-05
ISM_NMI,2020-02-29,2020-03-04
ISM_NMI,2020-03-31,2020-04-03
ISM_NMI,2020-04-30,2020-05-05
ISM_NMI,2020-05-31,2020-06-03
ISM_NMI,2020-06-30,2020-07-06
ISM_NMI,2020-07-31,2020-08-05
ISM_NMI,2020-08-31,2020-09-03
ISM_NMI,2020-09-30,2020-10-05
ISM_NMI,2020-10-31,2020-11-04
ISM_NMI,2020-11-30,2020-12-03
ISM_NMI,2020-12-31,2021-01-07
ISM_NMI,2021-01-31,2021-02-03
ISM_NMI,2021-02-28,2021-03-03
ISM_NMI,2021-03-31,2021-04-05
ISM_NMI,2021-04-30,2021-05-05
ISM_NMI,2021-05-31,2021-06-03
ISM_NMI,2021-06-30,2021-07-06
ISM_NMI,2021-07-31,2021-08-04
ISM_NMI,2021-08-31,2021-09-03
ISM_NMI,2021-09-30,2021-10-05
ISM_NMI,2021-10-31,2021-11-03
ISM_NMI,2021-11-30,2021-12-03
ISM_NMI,2021-12-31,2022-01-06
ISM_NMI,2022-01-31,2022-02-03
ISM_NMI,2022-02-28,2022-03-03
ISM_NMI,2022-03-31,2022-04-05
ISM_NMI,2022-04-30,2022-05-04
ISM_NMI,2022-05-31,2022-06-03
ISM_NMI,2022-06-30,2022-07-06
ISM_NMI,2022-07-31,2022-08-03
ISM_NMI,2022-08-31,2022-09-06
ISM_NMI,2022-09-30,2022-10-05
ISM_NMI,2022-10-31,2022-11-03
ISM_NMI,2022-11-30,2022-12-05
ISM_NMI,2022-12-31,2023-01-06
ISM_NMI,2023-01-31,2023-02-03
ISM_NMI,2023-02-28,2023-03-03
ISM_NMI,2023-03-31,2023-04-05
ISM_NMI,2023-04-30,2023-05-03
ISM_NMI,2023-05-31,2023-06-05
ISM_NMI,2023-06-30,2023-07-06
ISM_NMI,2023-07-31,2023-08-03
ISM_NMI,2023-08-31,2023-09-06
ISM_NMI,2023-09-30,2023-10-04
ISM_NMI,2023-10-31,2023-11-03
ISM_NMI,2023-11-30,2023-12-05
ISM_NMI,2023-12-31,2024-01-05
ISM_NMI,2024-01-31,2024-02-05
ISM_NMI,2024-02-29,2024-03-05
ISM_NMI,2024-03-31,2024-04-03
ISM_NMI,2024-04-30,2024-05-03
ISM_NMI,2024-05-31,2024-06-05
ISM_NMI,2024-06-30,2024-07-03
ISM_NMI,2024-07-31,2024-08-05
ISM_NMI,2024-08-31,2024-09-05
ISM_NMI,2024-09-30,2024-10-03
ISM_NMI,2024-10-31,2024-11-05
ISM_NMI,2024-11-30,2024-12-04
ISM_NMI,2024-12-31,2025-01-07
ISM_NMI,2025-01-31,2025-02-05
ISM_NMI,2025-02-28,2025-03-05
ISM_NMI,2025-03-31,2025-04-03
ISM_NMI,2025-04-30,2025-05-05
ISM_NMI,2025-05-31,2025-06-04
ISM_NMI,2025-06-30,2025-07-03
ISM_NMI,2025-07-31,2025-08-05
ISM_NMI,2025-08-31,2025-09-04
ISM_NMI,2025-09-30,2025-10-03
ISM_NMI,2025-10-31,2025-11-05
ISM_NMI,2025-11-30,2025-12-03
ISM_NMI,2025-12-31,2026-01-07
ISM_NMI,2026-01-31,2026-02-04
ISM_NMI,2026-02-28,2026-03-04
ISM_NMI,2026-03-31,2026-04-06
ISM_NMI,2026-04-30,2026-05-05
ISM_NMI,2026-05-31,2026-06-03
ISM_NMI,2026-06-30,2026-07-06
