window,metodo,fase,n,n_com,RMSE,RMSE_com,RMSE_rel_ar2,MAE,Bias,corr,MDA,MDA_com,n_dir,SignAcc
2007-2019,fed_overlap/gaussian,forecast,678,261,2.5514531385954915,2.477377544904841,0.9132136316915727,1.8080635459083825,1.0696292030186227,0.4355175642929149,0.7685459940652819,0.7624521072796935,674,0.827433628318584
2007-2019,fed_overlap/gaussian,nowcast M1,208,208,2.077636022988131,2.077636022988131,0.8323935299036999,1.4879421499843377,0.8107662623245194,0.598554642111737,0.8480392156862745,0.8480392156862745,204,0.9038461538461539
2007-2019,fed_overlap/gaussian,nowcast M2,260,260,1.8013502743635905,1.8013502743635905,0.7695713983211334,1.3528683172079168,0.593169877902606,0.7025203521129014,0.7576923076923077,0.7576923076923077,260,0.8961538461538462
2007-2019,fed_overlap/gaussian,nowcast M3,208,208,1.8707178702387512,1.8707178702387512,0.7992065661813558,1.4590864974597517,0.36614735441411955,0.6565027005270407,0.7644230769230769,0.7644230769230769,208,0.8942307692307693
2007-2019,fed_overlap/gaussian,backcast,205,205,1.9248905041823943,1.9248905041823943,0.8192402236224671,1.5008271126326471,0.25303026803879397,0.6363893369737161,0.7761194029850746,0.7761194029850746,201,0.9073170731707317
2007-2019,fed_overlap/gaussian_ar1,forecast,678,261,2.7281521031452094,2.6441674989819233,0.976457553632234,1.8769945724865067,1.0404916555916448,0.2779518754582209,0.7744807121661721,0.7816091954022989,674,0.8348082595870207
2007-2019,fed_overlap/gaussian_ar1,nowcast M1,208,208,2.1533577470704413,2.1533577470704413,0.862731025259896,1.5537490216001761,0.8109288272033363,0.5491678729977053,0.8137254901960784,0.8137254901960784,204,0.8894230769230769
2007-2019,fed_overlap/gaussian_ar1,nowcast M2,260,260,1.9320182006334756,1.9320182006334756,0.8253952434479592,1.4935147521500731,0.6569059988570429,0.6643486513328527,0.7346153846153847,0.7346153846153847,260,0.9115384615384615
2007-2019,fed_overlap/gaussian_ar1,nowcast M3,208,208,1.9696492826226577,1.9696492826226577,0.8414719636721718,1.545104002262538,0.5168310419632435,0.6431845529557227,0.7259615384615384,0.7259615384615384,208,0.9134615384615384
2007-2019,fed_overlap/gaussian_ar1,backcast,205,205,2.1088535783576554,2.1088535783576554,0.8975355602653334,1.5929735770006501,0.45466538976521054,0.5816347324201475,0.7164179104477612,0.7164179104477612,201,0.9073170731707317
2007-2019,fed_overlap/student_t,forecast,678,261,2.5043559356880882,2.446907782709472,0.8963566465253625,1.721017752008864,1.0680358315039842,0.4957707093453508,0.7848664688427299,0.7662835249042146,674,0.8348082595870207
2007-2019,fed_overlap/student_t,nowcast M1,208,208,2.06269859033879,2.06269859033879,0.8264089290625954,1.431294535290762,0.8363775706789596,0.6295312305413961,0.8333333333333334,0.8333333333333334,204,0.8990384615384616
2007-2019,fed_overlap/student_t,nowcast M2,260,260,1.7936590424168546,1.7936590424168546,0.7662855564677754,1.3160531231790236,0.652765870137645,0.7192696905127997,0.7884615384615384,0.7884615384615384,260,0.9076923076923077
2007-2019,fed_overlap/student_t,nowcast M3,208,208,1.8107585461838045,1.8107585461838045,0.7735907925519558,1.375857205036752,0.42023884100449327,0.6751954856580219,0.7884615384615384,0.7884615384615384,208,0.9038461538461539
2007-2019,fed_overlap/student_t,backcast,205,205,1.862520460990907,1.862520460990907,0.7926953120960629,1.4123775280555386,0.2990699999516276,0.6495561179931861,0.7711442786069652,0.7711442786069652,201,0.9073170731707317
2007-2019,fed_overlap/student_t_ar1,forecast,678,261,2.663460573548384,2.5899178249510206,0.9533032241291178,1.8201211041105303,1.1405103219961907,0.35373112289644165,0.7596439169139466,0.7701149425287356,674,0.8377581120943953
2007-2019,fed_overlap/student_t_ar1,nowcast M1,208,208,2.0259854686249454,2.0259854686249454,0.8117000172806275,1.4477107276956005,0.8391818055918114,0.6458106266704038,0.7990196078431373,0.7990196078431373,204,0.8894230769230769
2007-2019,fed_overlap/student_t_ar1,nowcast M2,260,260,1.8505055985696688,1.8505055985696688,0.7905714959271167,1.4000110777226134,0.6828728403343922,0.694072120161357,0.75,0.75,260,0.9038461538461539
2007-2019,fed_overlap/student_t_ar1,nowcast M3,208,208,1.9340472015469117,1.9340472015469117,0.8262620715670487,1.4999909771559803,0.4684209274296026,0.6464003740746337,0.75,0.75,208,0.9134615384615384
2007-2019,fed_overlap/student_t_ar1,backcast,205,205,1.9912743475424834,1.9912743475424834,0.8474934227322721,1.5426393213299334,0.34169165264432105,0.6267475269545544,0.7313432835820896,0.7313432835820896,201,0.8975609756097561
2007-2019,fed_overlap/student_t_ar1_shared,forecast,678,261,2.6332414692249886,2.5429458749469362,0.9424872316312797,1.7835523483972906,1.1637559972322244,0.40387804116737813,0.7596439169139466,0.7701149425287356,674,0.8377581120943953
2007-2019,fed_overlap/student_t_ar1_shared,nowcast M1,208,208,1.9740640706693695,1.9740640706693695,0.7908979926509151,1.409238909927512,0.8940174620986192,0.6981855661217395,0.7990196078431373,0.7990196078431373,204,0.8990384615384616
2007-2019,fed_overlap/student_t_ar1_shared,nowcast M2,260,260,1.8453445608222292,1.8453445608222292,0.7883666015805753,1.4177850533039873,0.7612543656084041,0.7097246192762207,0.7423076923076923,0.7423076923076923,260,0.9038461538461539
2007-2019,fed_overlap/student_t_ar1_shared,nowcast M3,208,208,1.8863582006783775,1.8863582006783775,0.8058884154240746,1.4757356777065562,0.5809468806678388,0.6720125305499013,0.7644230769230769,0.7644230769230769,208,0.9038461538461539
2007-2019,fed_overlap/student_t_ar1_shared,backcast,205,205,1.9279111277583558,1.9279111277583558,0.8205258117265557,1.5073146406181341,0.46004044550487855,0.6528464662694637,0.7412935323383084,0.7412935323383084,201,0.9121951219512195
2007-2019,nyfed,forecast,261,261,2.8056858952728576,2.8056858952728576,1.004208373279537,1.9363113259759477,0.6093412744596228,0.0619940314719983,0.6551724137931034,0.6551724137931034,261,0.8275862068965517
2007-2019,nyfed,nowcast M1,208,208,2.3957964390778765,2.3957964390778765,0.9598627636358328,1.662088182488043,0.4730661575028086,0.32617844160458165,0.6911764705882353,0.6911764705882353,204,0.8894230769230769
2007-2019,nyfed,nowcast M2,260,260,2.1677208772374335,2.1677208772374335,0.9260919491379317,1.53199935489562,0.47622961904127004,0.4861590935600278,0.7,0.7,260,0.9
2007-2019,nyfed,nowcast M3,208,208,1.9198553656423256,1.9198553656423256,0.8201990469808421,1.423612855049675,0.4148930805797316,0.6190589887894131,0.7932692307692307,0.7932692307692307,208,0.9038461538461539
2007-2019,nyfed,backcast,205,205,1.794961807894202,1.794961807894202,0.7639421097968568,1.337356082251754,0.28480567185888056,0.6757315050326623,0.8059701492537313,0.8059701492537313,201,0.9073170731707317
2007-2019,ar2,forecast,678,261,2.7939280033187406,2.7268706098103754,1.0,1.831868970199315,0.6521178990655374,0.04075404271643858,0.7566765578635015,0.7701149425287356,674,0.8141592920353983
2007-2019,ar2,nowcast M1,208,208,2.495978102122555,2.495978102122555,1.0,1.6543381832912305,0.4608945890201022,0.15988912653489704,0.7647058823529411,0.7647058823529411,204,0.8461538461538461
2007-2019,ar2,nowcast M2,260,260,2.3407188446625553,2.3407188446625553,1.0,1.6429881263582637,0.38002048209064404,0.3194952642582483,0.6923076923076923,0.6923076923076923,260,0.8653846153846154
2007-2019,ar2,nowcast M3,208,208,2.3407188446625553,2.3407188446625553,1.0,1.6429881263582635,0.38002048209064415,0.3194952642582483,0.6923076923076923,0.6923076923076923,208,0.8653846153846154
2007-2019,ar2,backcast,205,205,2.3496044855696043,2.3496044855696043,1.0,1.6589503571438386,0.32462709135454393,0.3165018508914057,0.6915422885572139,0.6915422885572139,201,0.8682926829268293
2007-2019,mean,forecast,678,261,2.8341162578705346,2.800370347836638,1.0143841410745218,1.823419118735576,1.0319764589292233,-0.3963606777283048,0.7952522255192879,0.8122605363984674,674,0.8259587020648967
2007-2019,mean,nowcast M1,208,208,2.6282544456377295,2.6282544456377295,1.05299579487604,1.7054235867594865,0.9156088295723198,-0.44770379865552706,0.7990196078431373,0.7990196078431373,204,0.8461538461538461
2007-2019,mean,nowcast M2,260,260,2.613834601578507,2.613834601578507,1.116680291415061,1.6974745068167454,0.9062407444239892,-0.3983963893100894,0.6923076923076923,0.6923076923076923,260,0.8461538461538461
2007-2019,mean,nowcast M3,208,208,2.613834601578507,2.613834601578507,1.116680291415061,1.6974745068167456,0.906240744423989,-0.3983963893100904,0.6923076923076923,0.6923076923076923,208,0.8461538461538461
2007-2019,mean,backcast,205,205,2.61974058630106,2.61974058630106,1.1149708822870108,1.7032498981889412,0.8914755686650981,-0.3412313200993381,0.6915422885572139,0.6915422885572139,201,0.848780487804878
2007-2021,fed_overlap/gaussian,forecast,783,285,6.558359274574261,5.8542247170516255,0.9439008794895531,2.9559739119065083,0.7307036036744203,-0.06390083503939889,0.7496790757381258,0.7614035087719299,779,0.8071519795657727
2007-2021,fed_overlap/gaussian,nowcast M1,240,235,5.445857033159783,5.463949101140897,0.776633524403898,2.4940946340739147,0.6691622055402988,0.640010245817777,0.8432203389830508,0.8571428571428571,236,0.8916666666666667
2007-2021,fed_overlap/gaussian,nowcast M2,300,295,3.6038864116600253,3.5736618733237977,0.422186782051152,1.9742502715577044,0.5118534248179619,0.897870828451838,0.76,0.7661016949152543,300,0.89
2007-2021,fed_overlap/gaussian,nowcast M3,240,232,3.0306118467402543,3.0454519053372153,0.3550290206377536,1.9472439502462247,0.25909805422495197,0.9209031672284727,0.7666666666666667,0.7629310344827587,240,0.8833333333333333
2007-2021,fed_overlap/gaussian,backcast,238,233,3.064932239850478,3.0850179599070966,0.35824693560450377,1.9806156048449939,0.1556401172515533,0.9177991104624909,0.7692307692307693,0.7685589519650655,234,0.8991596638655462
2007-2021,fed_overlap/gaussian_ar1,forecast,783,285,6.720189166796931,6.005064884523961,0.9671919758143415,3.0420657714688217,0.7875295395871924,-0.14205740557476532,0.7432605905006419,0.7789473684210526,779,0.8148148148148148
2007-2021,fed_overlap/gaussian_ar1,nowcast M1,240,235,5.635216871609886,5.6784657758407695,0.8036381258505739,2.559018668014844,0.7594998982882414,0.5478785245438017,0.809322033898305,0.8225108225108225,236,0.8833333333333333
2007-2021,fed_overlap/gaussian_ar1,nowcast M2,300,295,4.028002412798069,4.039941056095517,0.4718709699760418,2.177556047648789,0.6890257227484184,0.8450899751586625,0.7533333333333333,0.752542372881356,300,0.9066666666666666
2007-2021,fed_overlap/gaussian_ar1,nowcast M3,240,232,3.2977111490258917,3.3308989004485814,0.3863190731086745,2.0699155960818287,0.5493450628575803,0.9006881166836826,0.7541666666666667,0.7456896551724138,240,0.9083333333333333
2007-2021,fed_overlap/gaussian_ar1,backcast,238,233,3.619848270535857,3.644695942922157,0.4231087178410175,2.1659149026757016,0.5496436598766153,0.8781313627043802,0.7393162393162394,0.7336244541484717,234,0.9033613445378151
2007-2021,fed_overlap/student_t,forecast,783,285,6.293785562165315,5.4424614811598335,0.9058225508440351,2.810841869757438,0.8146099866685361,0.1618314484427761,0.7625160462130937,0.7578947368421053,779,0.8173690932311622
2007-2021,fed_overlap/student_t,nowcast M1,240,235,5.337106447505035,5.362575319481975,0.7611246063210761,2.429629669650751,0.7411538433464391,0.7163264908507821,0.8220338983050848,0.8354978354978355,236,0.8875
2007-2021,fed_overlap/student_t,nowcast M2,300,295,4.130860926648694,4.121196609129778,0.48392060195907544,2.075133280136815,0.5207575456117609,0.8828914860603224,0.7633333333333333,0.7762711864406779,300,0.9033333333333333
2007-2021,fed_overlap/student_t,nowcast M3,240,232,3.7267182674474144,3.7526186241348105,0.43657624387227584,2.05508065586633,0.24803684819592023,0.9051195727567725,0.775,0.7844827586206896,240,0.9
2007-2021,fed_overlap/student_t,backcast,238,233,3.638665666749775,3.6661504037459256,0.4253082035073044,2.0534367696430245,0.10742406932696574,0.9046679600712159,0.7649572649572649,0.7641921397379913,234,0.9033613445378151
2007-2021,fed_overlap/student_t_ar1,forecast,783,285,6.397488466585611,5.462733060355185,0.9207478177575792,2.902102998610937,0.9771122977212432,0.0991190221240936,0.7419768934531451,0.7824561403508772,779,0.8186462324393359
2007-2021,fed_overlap/student_t_ar1,nowcast M1,240,235,5.140284181377394,5.176382548432112,0.7330557882648701,2.383377607216597,0.8811313503590199,0.7428322010486161,0.7923728813559322,0.8051948051948052,236,0.8833333333333333
2007-2021,fed_overlap/student_t_ar1,nowcast M2,300,295,3.5758044538310774,3.576875096441842,0.4188970470109073,2.006888632959155,0.7470979457409673,0.8961885828420751,0.7566666666666667,0.7559322033898305,300,0.9
2007-2021,fed_overlap/student_t_ar1,nowcast M3,240,232,3.217627443302334,3.243311341028386,0.37693745611187623,2.013320604315842,0.5142917710805203,0.9096005285537949,0.7583333333333333,0.75,240,0.9083333333333333
2007-2021,fed_overlap/student_t_ar1,backcast,238,233,3.0933719000006192,3.117524872768656,0.36157112690829546,1.9838232156687965,0.35008444320240073,0.9140098137221092,0.7350427350427351,0.7292576419213974,234,0.8949579831932774
2007-2021,fed_overlap/student_t_ar1_shared,forecast,783,285,6.457933939400997,5.557845709662192,0.9294473312430321,2.897895881357494,0.943221737599207,0.03357554108163922,0.7432605905006419,0.775438596491228,779,0.8186462324393359
2007-2021,fed_overlap/student_t_ar1_shared,nowcast M1,240,235,5.29387171323642,5.328626199158617,0.7549589020348183,2.401069640248348,0.8393718991801621,0.7313947259408569,0.7966101694915254,0.8095238095238095,236,0.8916666666666667
2007-2021,fed_overlap/student_t_ar1_shared,nowcast M2,300,295,3.95530191573877,3.9630520153406716,0.46335427843779575,2.1086954318611952,0.7096480381874842,0.8787292986971533,0.75,0.7491525423728813,300,0.9
2007-2021,fed_overlap/student_t_ar1_shared,nowcast M3,240,232,3.6586377007645376,3.700395568929106,0.4286007662670249,2.109461103972702,0.531373158510796,0.8915984199477294,0.7708333333333334,0.7629310344827587,240,0.9
2007-2021,fed_overlap/student_t_ar1_shared,backcast,238,233,3.514836282203249,3.545231601910395,0.4108343117276451,2.0456268169272303,0.3801402941983005,0.8982468171932576,0.7521367521367521,0.7467248908296943,234,0.907563025210084
2007-2021,nyfed,forecast,286,286,6.575437190170091,6.575437190170091,0.9463587899021844,2.8547705791625924,0.35926912612047557,-0.24837158481956104,0.6643356643356644,0.6643356643356644,286,0.8181818181818182
2007-2021,nyfed,nowcast M1,235,235,5.0202033459626785,5.0202033459626785,0.7159310635698142,2.4797652755913147,0.4853281057079863,0.7314718402149067,0.70995670995671,0.70995670995671,231,0.8851063829787233
2007-2021,nyfed,nowcast M2,295,295,3.6274124414916487,3.6274124414916487,0.4249428008859624,2.020611028984569,0.1829442762589122,0.8252909224819773,0.7186440677966102,0.7186440677966102,295,0.8949152542372881
2007-2021,nyfed,nowcast M3,232,232,3.504634005740308,3.504634005740308,0.4105595970959029,1.9671994232997234,0.18963778663887254,0.8784382610455382,0.7974137931034483,0.7974137931034483,232,0.896551724137931
2007-2021,nyfed,backcast,233,233,3.7863384668758027,3.7863384668758027,0.44256905104886923,2.005446064584685,0.0979022516707562,0.9051075385016202,0.8122270742358079,0.8122270742358079,229,0.9098712446351931
2007-2021,ar2,forecast,783,285,6.9481440446595615,6.509668836057375,1.0,3.2701204815229157,0.15212313106495667,-0.0873109564699446,0.7496790757381258,0.7614035087719299,779,0.7828863346104725
2007-2021,ar2,nowcast M1,240,235,7.012132314710119,7.055600730782832,1.0,3.2159414816015217,0.09614766895121167,-0.07535401060353421,0.7457627118644068,0.7575757575757576,236,0.8166666666666667
2007-2021,ar2,nowcast M2,300,295,8.536236956900702,8.587934014565542,1.0,3.4430732852036483,-0.46918166545475404,-0.5051301823452964,0.65,0.6610169491525424,300,0.8166666666666667
2007-2021,ar2,nowcast M3,240,232,8.536236956900702,8.659952798304783,1.0,3.4430732852036487,-0.4691816654547537,-0.5051301823452964,0.65,0.6551724137931034,240,0.8166666666666667
2007-2021,ar2,backcast,238,233,8.555362056841405,8.639852096105852,1.0,3.4192603285852465,-0.4568899584753099,-0.5088562769984661,0.6623931623931624,0.6593886462882096,234,0.819327731092437
2007-2021,mean,forecast,783,285,6.397822975402309,5.953413975426078,0.9207959613790337,2.9361638641441195,0.6846115127519933,-0.21386047001093134,0.7894736842105263,0.8140350877192982,779,0.8148148148148148
2007-2021,mean,nowcast M1,240,235,6.3950296868986465,6.433735070376642,0.9119950109160222,2.9060096327864593,0.64871334652331,-0.22296751569490234,0.7923728813559322,0.8051948051948052,236,0.8333333333333334
2007-2021,mean,nowcast M2,300,295,6.405272406711004,6.433766376210116,0.7503625355119712,2.8979733442124345,0.6398322338981183,-0.3059195302757069,0.6666666666666666,0.6779661016949152,300,0.8333333333333334
2007-2021,mean,nowcast M3,240,232,6.405272406711004,6.488315757482329,0.7503625355119712,2.8979733442124345,0.6398322338981182,-0.3059195302757064,0.6666666666666666,0.6724137931034483,240,0.8333333333333334
2007-2021,mean,backcast,238,233,6.408416832314529,6.469690345627775,0.7490526747713683,2.8516265009406383,0.6753452939901929,-0.2756491193513072,0.6794871794871795,0.6768558951965066,234,0.8361344537815126
2007-2025,fed_overlap/gaussian,forecast,991,351,5.877334296730028,5.324982613877117,0.9460090367872306,2.618763763158964,0.5124445381045578,-0.07069507111287408,0.7527862208713273,0.7521367521367521,987,0.834510595358224
2007-2025,fed_overlap/gaussian,nowcast M1,304,283,4.962784390136276,5.068038880820022,0.7902200796694809,2.3708570843073753,0.48072813942976755,0.5644872784608866,0.8133333333333334,0.8207885304659498,300,0.875
2007-2025,fed_overlap/gaussian,nowcast M2,380,355,3.345894120621813,3.3765288403996707,0.43887912803750945,1.9265206349321005,0.3254005819178616,0.8700512906642929,0.7578947368421053,0.752112676056338,380,0.8763157894736842
2007-2025,fed_overlap/gaussian,nowcast M3,304,280,2.8212533051905484,2.87690426840218,0.370062275110146,1.8549625237965826,0.14178803735988402,0.9060224916366352,0.7631578947368421,0.7464285714285714,304,0.875
2007-2025,fed_overlap/gaussian,backcast,298,275,2.894792010183023,2.941551000360153,0.3762688479358558,1.9143080412494289,0.027521876158781867,0.9020322224064622,0.7619047619047619,0.7564575645756457,294,0.8959731543624161
2007-2025,fed_overlap/gaussian_ar1,forecast,991,351,6.038078769056313,5.463165044748711,0.9718822840379213,2.736041382735055,0.5477650016394354,-0.14125050178980184,0.7426545086119554,0.7606837606837606,987,0.8405650857719476
2007-2025,fed_overlap/gaussian_ar1,nowcast M1,304,283,5.184475949662598,5.269378327785624,0.8255198444908439,2.484697653552244,0.5851581898443851,0.43953695142380583,0.78,0.7921146953405018,300,0.868421052631579
2007-2025,fed_overlap/gaussian_ar1,nowcast M2,380,355,3.7621258860324356,3.794964946227422,0.4934760243167552,2.1385792187965675,0.5139360311033058,0.8035141489884571,0.7552631578947369,0.7436619718309859,380,0.8894736842105263
2007-2025,fed_overlap/gaussian_ar1,nowcast M3,304,280,3.1017377628201,3.133925517677937,0.4068532702088356,2.009491493794786,0.3968144479366797,0.8758975508356245,0.7467105263157895,0.725,304,0.8947368421052632
2007-2025,fed_overlap/gaussian_ar1,backcast,298,275,3.3860181337743476,3.447312266621059,0.4401190613361677,2.0884002372868675,0.37927844199942073,0.8550772058877562,0.7414965986394558,0.7195571955719557,294,0.8993288590604027
2007-2025,fed_overlap/student_t,forecast,991,351,5.643505724099223,4.9542543001891595,0.9083722559611216,2.4911945666625117,0.5825217066734274,0.13825287641782788,0.7548125633232016,0.7435897435897436,987,0.8425832492431887
2007-2025,fed_overlap/student_t,nowcast M1,304,283,4.842588069429104,4.948693182066362,0.7710813183092294,2.2744752329641913,0.5847106181629212,0.6664042543110015,0.7933333333333333,0.7992831541218638,300,0.8848684210526315
2007-2025,fed_overlap/student_t,nowcast M2,380,355,3.7701088910568568,3.8332497655552107,0.4945231507821874,1.967790049779137,0.3731772303064803,0.8614251683899156,0.7578947368421053,0.7577464788732394,380,0.8921052631578947
2007-2025,fed_overlap/student_t,nowcast M3,304,280,3.4088531495571432,3.491164226041913,0.4471374299218772,1.9267198956091813,0.15434437082868396,0.8905174669257502,0.7763157894736842,0.7714285714285715,304,0.8881578947368421
2007-2025,fed_overlap/student_t,backcast,298,275,3.374389797196752,3.4518445609451285,0.4386075949537572,1.9610531550581878,0.000133567178563526,0.8902970759192947,0.7653061224489796,0.7601476014760148,294,0.8993288590604027
2007-2025,fed_overlap/student_t_ar1,forecast,991,351,5.754336983995239,4.981328367720994,0.926211529367516,2.6179434983605865,0.6822451496097692,0.0697759549487928,0.7426545086119554,0.7635327635327636,987,0.8435923309788093
2007-2025,fed_overlap/student_t_ar1,nowcast M1,304,283,4.736854163108923,4.797912808919343,0.7542453953055696,2.319286928402866,0.7007111939332585,0.6499579079944939,0.7666666666666667,0.7741935483870968,300,0.868421052631579
2007-2025,fed_overlap/student_t_ar1,nowcast M2,380,355,3.3579903263876085,3.37216268571147,0.4404657808267699,1.9854510659531164,0.5636733714560827,0.8625468155190065,0.7473684210526316,0.7323943661971831,380,0.8842105263157894
2007-2025,fed_overlap/student_t_ar1,nowcast M3,304,280,3.034679378049536,3.0620071947608136,0.3980572580295143,1.9639407251822247,0.375764837597276,0.8849076314500909,0.75,0.7285714285714285,304,0.8947368421052632
2007-2025,fed_overlap/student_t_ar1,backcast,298,275,2.9468757606518063,2.9839351176684272,0.38303876187652214,1.9491991811092861,0.22012761665141733,0.8929921782020002,0.7380952380952381,0.7158671586715867,294,0.8926174496644296
2007-2025,fed_overlap/student_t_ar1_shared,forecast,991,351,5.801222632233036,5.062545892323013,0.9337581899264127,2.5955040703369026,0.6835599051217341,0.01275089557950412,0.7446808510638298,0.7578347578347578,987,0.8435923309788093
2007-2025,fed_overlap/student_t_ar1_shared,nowcast M1,304,283,4.849485041141057,4.925699115793065,0.7721795174464979,2.308243664180175,0.688597485434468,0.6438259109405866,0.7733333333333333,0.7813620071684588,300,0.8881578947368421
2007-2025,fed_overlap/student_t_ar1_shared,nowcast M2,380,355,3.667549362501141,3.7014956633997422,0.4810704727111593,2.0448082219706762,0.559856233263236,0.8452691325380198,0.7473684210526316,0.7352112676056338,380,0.8921052631578947
2007-2025,fed_overlap/student_t_ar1_shared,nowcast M3,304,280,3.4067075871725057,3.453892632773909,0.44685599766055245,2.0274854604955035,0.4200151410653381,0.8646291724633208,0.7598684210526315,0.7392857142857143,304,0.8881578947368421
2007-2025,fed_overlap/student_t_ar1_shared,backcast,298,275,3.298449408519771,3.354403208981934,0.4287367640067414,1.9882262609088759,0.2707700191931629,0.8761824592901826,0.7517006802721088,0.7306273062730627,294,0.9026845637583892
2007-2025,ar2,forecast,991,351,6.212767603880633,5.901381149504837,1.0,2.831131661360861,0.15033092666295414,-0.08418173107190854,0.7588652482269503,0.7606837606837606,987,0.8153380423814329
2007-2025,ar2,nowcast M1,304,283,6.280255991738429,6.46278180423166,1.0,2.829088719961607,0.14736836607288942,-0.07340449372775597,0.7633333333333333,0.7598566308243727,300,0.8289473684210527
2007-2025,ar2,nowcast M2,380,355,7.623725775211281,7.8548356575895415,1.0,2.996640936815209,-0.2977168159107106,-0.4924665272710856,0.6842105263157895,0.676056338028169,380,0.8289473684210527
2007-2025,ar2,nowcast M3,304,280,7.623725775211281,7.9092015339011015,1.0,2.9966409368152087,-0.29771681591071053,-0.4924665272710854,0.6842105263157895,0.6714285714285714,304,0.8289473684210527
2007-2025,ar2,backcast,298,275,7.693413967335694,7.976032257014483,1.0,3.0230817144603384,-0.3717929482375746,-0.4918880729226075,0.6836734693877551,0.6715867158671587,294,0.8322147651006712
2007-2025,mean,forecast,991,351,5.7263711456741415,5.403190175149096,0.9217101798717406,2.5655505085631605,0.5712027117880184,-0.21223601962008737,0.790273556231003,0.8034188034188035,987,0.8405650857719476
2007-2025,mean,nowcast M1,304,283,5.737218799727019,5.8990821583820265,0.9135326342229098,2.5839373639169976,0.5856281273523464,-0.2156314868889437,0.8,0.7992831541218638,300,0.8421052631578947
2007-2025,mean,nowcast M2,380,355,5.746372304595995,5.901145049177091,0.7537485573366838,2.5779918135150703,0.5785670045455598,-0.2952523503860512,0.6973684210526315,0.6901408450704225,380,0.8421052631578947
2007-2025,mean,nowcast M3,304,280,5.746372304595995,5.942534064384489,0.7537485573366838,2.5779918135150703,0.5785670045455596,-0.2952523503860509,0.6973684210526315,0.6857142857142857,304,0.8421052631578947
2007-2025,mean,backcast,298,275,5.7905279318432,5.986360080144616,0.7526603867188649,2.5752470512690437,0.5293392976411059,-0.2745380766947104,0.6972789115646258,0.6863468634686347,294,0.8456375838926175
2007-2010,fed_overlap/gaussian,forecast,209,82,3.2844772013192194,3.1379605081964166,0.837024310597704,2.356098720299812,1.4029714564455433,0.43462768193045276,0.7804878048780488,0.7804878048780488,205,0.6267942583732058
2007-2010,fed_overlap/gaussian,nowcast M1,64,64,2.7171346182821337,2.7171346182821337,0.736531083441521,1.9158877991682213,1.0581515362534446,0.6491101123312232,0.85,0.85,60,0.875
2007-2010,fed_overlap/gaussian,nowcast M2,80,80,2.1145505942895118,2.1145505942895118,0.6426982869994665,1.566422448114178,0.7999075546362514,0.8032512907844449,0.8625,0.8625,80,0.85
2007-2010,fed_overlap/gaussian,nowcast M3,64,64,2.2630567068450484,2.2630567068450484,0.68783535981586,1.6992860164239016,0.8615060766776382,0.783947283982499,0.875,0.875,64,0.84375
2007-2010,fed_overlap/gaussian,backcast,65,65,2.2962838942627792,2.2962838942627792,0.701369204828461,1.7514997627564288,0.8178401483589692,0.7813366131696465,0.8688524590163934,0.8688524590163934,61,0.8769230769230769
2007-2010,fed_overlap/gaussian_ar1,forecast,209,82,3.6768314486151965,3.4889525227183125,0.9370128394330053,2.535719347459647,1.5085349058423587,0.2284223924103127,0.7560975609756098,0.7439024390243902,205,0.6507177033492823
2007-2010,fed_overlap/gaussian_ar1,nowcast M1,64,64,2.8050128454036902,2.8050128454036902,0.7603521504572147,1.9115841160845355,1.0774825577702138,0.6152848137052055,0.85,0.85,60,0.828125
2007-2010,fed_overlap/gaussian_ar1,nowcast M2,80,80,2.2558044874675,2.2558044874675,0.6856311141555848,1.7284905524597645,0.7789146094821848,0.7734727932154563,0.8875,0.8875,80,0.9
2007-2010,fed_overlap/gaussian_ar1,nowcast M3,64,64,2.3667999668013056,2.3667999668013056,0.7193671735457792,1.828945776029253,0.7892472940157179,0.7637973968860455,0.890625,0.890625,64,0.90625
2007-2010,fed_overlap/gaussian_ar1,backcast,65,65,2.7067420459322844,2.7067420459322844,0.8267381577576132,1.9901946820535836,0.7680607760780663,0.6825488100552258,0.819672131147541,0.819672131147541,61,0.8769230769230769
2007-2010,fed_overlap/student_t,forecast,209,82,3.1733170833961717,3.061890519035211,0.8086959906345977,2.1423395659593782,1.4929180961010033,0.5874905750161022,0.7951219512195122,0.7804878048780488,205,0.6507177033492823
2007-2010,fed_overlap/student_t,nowcast M1,64,64,2.6828204147695955,2.6828204147695955,0.7272295650991941,1.7543881277151743,1.1540010359392483,0.7096571762925973,0.85,0.85,60,0.859375
2007-2010,fed_overlap/student_t,nowcast M2,80,80,2.1645630119223696,2.1645630119223696,0.6578991032996977,1.5067308957528027,0.9653481187424822,0.8177958960165266,0.9375,0.9375,80,0.8875
2007-2010,fed_overlap/student_t,nowcast M3,64,64,2.2036027070279953,2.2036027070279953,0.6697648610815767,1.515129596129773,0.9559579473557108,0.7965477854260872,0.921875,0.921875,64,0.875
2007-2010,fed_overlap/student_t,backcast,65,65,2.2329220459682797,2.2329220459682797,0.6820161756730472,1.5714649013801099,0.8866482564402709,0.7881443839808006,0.8688524590163934,0.8688524590163934,61,0.8769230769230769
2007-2010,fed_overlap/student_t_ar1,forecast,209,82,3.568105719378474,3.3750867027388574,0.9093049051163818,2.3442181835196747,1.9447646525191669,0.42327058301542364,0.7902439024390244,0.7926829268292683,205,0.6602870813397129
2007-2010,fed_overlap/student_t_ar1,nowcast M1,64,64,2.6235305337877635,2.6235305337877635,0.7111579137416045,1.6882237151788124,1.2446957093440931,0.7343229022125154,0.7666666666666667,0.7666666666666667,60,0.828125
2007-2010,fed_overlap/student_t_ar1,nowcast M2,80,80,2.2046397559143203,2.2046397559143203,0.6700800625927513,1.608970935722457,1.001993117299842,0.8015185563717164,0.85,0.85,80,0.875
2007-2010,fed_overlap/student_t_ar1,nowcast M3,64,64,2.3925231309547175,2.3925231309547175,0.7271854937043275,1.8346036728769433,0.930855886188748,0.7664182778459467,0.875,0.875,64,0.90625
2007-2010,fed_overlap/student_t_ar1,backcast,65,65,2.444298458575524,2.444298458575524,0.746578273939835,1.9030785001080717,0.7750494622627657,0.7537225018617209,0.8524590163934426,0.8524590163934426,61,0.8769230769230769
2007-2010,fed_overlap/student_t_ar1_shared,forecast,209,82,3.5029698030603518,3.2603542107861356,0.8927055067617736,2.236020606915567,2.0034291308701953,0.526296308968561,0.8097560975609757,0.8048780487804879,205,0.6602870813397129
2007-2010,fed_overlap/student_t_ar1_shared,nowcast M1,64,64,2.4723787389571825,2.4723787389571825,0.6701853412155205,1.510481263516346,1.3302465534280439,0.8187319945353724,0.7833333333333333,0.7833333333333333,60,0.859375
2007-2010,fed_overlap/student_t_ar1_shared,nowcast M2,80,80,2.159565547040091,2.159565547040091,0.6563801696180662,1.5748246684039475,1.1265705011466303,0.8283797858146367,0.8625,0.8625,80,0.875
2007-2010,fed_overlap/student_t_ar1_shared,nowcast M3,64,64,2.263524755304169,2.263524755304169,0.6879776188583827,1.7262001893903818,1.029745048642324,0.7985931772077308,0.953125,0.953125,64,0.875
2007-2010,fed_overlap/student_t_ar1_shared,backcast,65,65,2.3161512474004025,2.3161512474004025,0.7074374221368678,1.7889915504994887,0.8372787210328898,0.7787368009934673,0.9016393442622951,0.9016393442622951,61,0.8923076923076924
2007-2010,ar2,forecast,209,82,3.9239926006137544,3.7890516099084017,1.0,2.695469618606867,1.480602574445687,0.005602181784235242,0.7024390243902439,0.6951219512195121,205,0.583732057416268
2007-2010,ar2,nowcast M1,64,64,3.6890970107955647,3.6890970107955647,1.0,2.398018532693694,1.17718952614378,0.11938661634417161,0.6666666666666666,0.6666666666666666,60,0.6875
2007-2010,ar2,nowcast M2,80,80,3.290113941584641,3.290113941584641,1.0,2.142158878081309,1.0048043123250525,0.36979581997508126,0.75,0.75,80,0.75
2007-2010,ar2,nowcast M3,64,64,3.2901139415846403,3.2901139415846403,1.0,2.1421588780813083,1.0048043123250527,0.3697958199750809,0.75,0.75,64,0.75
2007-2010,ar2,backcast,65,65,3.27400159353218,3.27400159353218,1.0,2.143499135281901,0.8568884939351177,0.3654800529964994,0.7868852459016393,0.7868852459016393,61,0.7538461538461538
2007-2010,mean,forecast,209,82,4.15325283376437,4.119298242515155,1.0584252460401573,2.8376938939198375,2.4506285823969924,-0.31639724844639494,0.7024390243902439,0.6951219512195121,205,0.6220095693779905
2007-2010,mean,nowcast M1,64,64,4.072501768378887,4.072501768378887,1.103929161109439,2.716809982080318,2.3267844822923465,-0.32247488097377874,0.6666666666666666,0.6666666666666666,60,0.6875
2007-2010,mean,nowcast M2,80,80,4.04175391956128,4.04175391956128,1.2284540874030099,2.693684693291373,2.3023130720450147,-0.20261440455084326,0.75,0.75,80,0.6875
2007-2010,mean,nowcast M3,64,64,4.04175391956128,4.04175391956128,1.2284540874030103,2.6936846932913734,2.3023130720450147,-0.20261440455084317,0.75,0.75,64,0.6875
2007-2010,mean,backcast,65,65,4.008710095762291,4.008710095762291,1.2244068859592294,2.6403845278798497,2.217222411890225,-0.11012124997547554,0.7377049180327869,0.7377049180327869,61,0.6923076923076923
2019-2021,fed_overlap/gaussian,forecast,157,42,13.8393099569325,14.16843039664303,0.9473230264186093,7.750031542534752,-0.4883539491726564,-0.3949816341176651,0.7515923566878981,0.8571428571428571,157,0.7006369426751592
2019-2021,fed_overlap/gaussian,nowcast M1,48,43,11.399612137732918,11.945373007964804,0.7695251478338047,6.290206565347396,-0.3620801813541921,0.7744147877664889,0.875,0.9534883720930233,48,0.875
2019-2021,fed_overlap/gaussian,nowcast M2,60,55,7.192120169351078,7.354230484321831,0.3894233193078376,4.471911870539567,-0.405505933802278,0.9423486083970967,0.7,0.7272727272727273,60,0.9
2019-2021,fed_overlap/gaussian,nowcast M3,48,40,5.668501029607129,6.102814440761105,0.3069256956879621,4.0619008013824445,-0.9395374704800021,0.9696207087976793,0.6875,0.65,48,0.875
2019-2021,fed_overlap/gaussian,backcast,49,44,5.615230845565083,5.890714199478531,0.30763191586077276,4.00645971946979,-0.7076153425236394,0.9738703029520468,0.6530612244897959,0.6363636363636364,49,0.8979591836734694
2019-2021,fed_overlap/gaussian_ar1,forecast,157,42,14.082627349082854,14.41300510962875,0.9639784932756612,7.914956507967851,-0.1340231309672721,-0.4139394310569587,0.6624203821656051,0.8095238095238095,157,0.7070063694267515
2019-2021,fed_overlap/gaussian_ar1,nowcast M1,48,43,11.792339726382204,12.418153854286265,0.7960360283850317,6.343893087923237,0.06696180452240874,0.6611486874307239,0.8541666666666666,0.9302325581395349,48,0.8958333333333334
2019-2021,fed_overlap/gaussian_ar1,nowcast M2,60,55,8.109092055175594,8.412904491035636,0.43907352357047985,4.873768846408355,0.20507423386266552,0.9096370659141492,0.75,0.7454545454545455,60,0.9166666666666666
2019-2021,fed_overlap/gaussian_ar1,nowcast M3,48,40,6.226926617733868,6.755034611441199,0.3371621129048851,4.260046136691558,-0.09879470030623223,0.9564776958298754,0.7916666666666666,0.75,48,0.9166666666666666
2019-2021,fed_overlap/gaussian_ar1,backcast,49,44,6.806100036630177,7.145196279872248,0.372874001335543,4.497068337329416,0.4114165316987178,0.9586141784186512,0.7551020408163265,0.7272727272727273,49,0.9183673469387755
2019-2021,fed_overlap/student_t,forecast,157,42,13.256096413214822,13.045306986013212,0.9074011212801096,7.414357876724706,-0.047294884965320895,0.008541234778844158,0.7452229299363057,0.8095238095238095,157,0.7197452229299363
2019-2021,fed_overlap/student_t,nowcast M1,48,43,11.14999305019165,11.702800905716476,0.7526747354757808,6.198613915263381,-0.09854854439212524,0.8155214100705859,0.8333333333333334,0.9069767441860465,48,0.875
2019-2021,fed_overlap/student_t,nowcast M2,60,55,8.491498064258941,8.75680089343576,0.4597792145036079,5.098804011555677,-0.5742894112577523,0.9296553524425912,0.6,0.6545454545454545,60,0.9166666666666666
2019-2021,fed_overlap/student_t,nowcast M3,48,40,7.508313363808441,8.123767545603192,0.40654386240622203,4.896458157454184,-1.16395350332166,0.9655890679155416,0.625,0.65,48,0.9166666666666666
2019-2021,fed_overlap/student_t,backcast,49,44,7.141942244018646,7.507480820151153,0.3912732060213886,4.682751299719794,-1.096459676403552,0.9751392869747906,0.6530612244897959,0.6363636363636364,49,0.9183673469387755
2019-2021,fed_overlap/student_t_ar1,forecast,157,42,13.357483160585272,12.921441242344889,0.9143412072133394,7.424763580349594,0.3776889907555786,-0.008528397593332957,0.7452229299363057,0.9523809523809523,157,0.7133757961783439
2019-2021,fed_overlap/student_t_ar1,nowcast M1,48,43,10.709647390743607,11.269261694694535,0.7229494207378252,5.9322494003241,0.565353506564051,0.8331279867950911,0.8333333333333334,0.9069767441860465,48,0.8958333333333334
2019-2021,fed_overlap/student_t_ar1,nowcast M2,60,55,7.063442684772037,7.30113386641,0.3824559700443345,4.423721479069916,0.38592313233231307,0.9349153148545496,0.7,0.6909090909090909,60,0.9166666666666666
2019-2021,fed_overlap/student_t_ar1,nowcast M3,48,40,6.061393008514056,6.555945477132434,0.32819915816532297,4.164091626833343,-0.05581466972239224,0.962447288552503,0.7083333333333334,0.65,48,0.9166666666666666
2019-2021,fed_overlap/student_t_ar1,backcast,49,44,5.581186285687078,5.864841965759939,0.30576677558997173,3.8159117054842175,-0.0644195668318544,0.9761035026375786,0.673469387755102,0.6363636363636364,49,0.9183673469387755
2019-2021,fed_overlap/student_t_ar1_shared,forecast,157,42,13.525769256191026,13.247518140984589,0.9258606611376701,7.563278055505107,0.10085870515700311,-0.112917778149346,0.7452229299363057,0.9047619047619048,157,0.7133757961783439
2019-2021,fed_overlap/student_t_ar1_shared,nowcast M1,48,43,11.117595966521515,11.693246815444192,0.7504877864551097,6.1841382327139165,0.11274135610682794,0.8361517889130354,0.8541666666666666,0.9302325581395349,48,0.8958333333333334
2019-2021,fed_overlap/student_t_ar1_shared,nowcast M2,60,55,8.013332878391228,8.30409727161846,0.4338885634197211,4.8422185003901115,-0.15820662598375654,0.9254496683522042,0.7,0.6909090909090909,60,0.9166666666666666
2019-2021,fed_overlap/student_t_ar1_shared,nowcast M3,48,40,7.257365922474969,7.893569023736877,0.3929561047944486,4.7537333050297965,-0.4618530789013513,0.9512350631393949,0.7083333333333334,0.65,48,0.9166666666666666
2019-2021,fed_overlap/student_t_ar1_shared,backcast,49,44,6.760805126583114,7.115836396477544,0.3703925076374656,4.266931209385285,-0.4193924451741902,0.9681435910782824,0.7142857142857143,0.6818181818181818,49,0.9183673469387755
2019-2021,ar2,forecast,157,42,14.608860516409631,15.783962947972894,1.0,9.39559844895277,-1.6570356737671792,-0.10151990236207985,0.7197452229299363,0.6904761904761905,157,0.6369426751592356
2019-2021,ar2,nowcast M1,48,43,14.81382664338204,15.575343559300471,1.0,9.233704289307049,-1.8049904908209775,-0.10066440276314002,0.6666666666666666,0.7209302325581395,48,0.75
2019-2021,ar2,nowcast M2,60,55,18.468642766782377,19.241179165284144,1.0,10.457474362168254,-4.240583296668331,-0.6147602386829274,0.4166666666666667,0.45454545454545453,60,0.6666666666666666
2019-2021,ar2,nowcast M3,48,40,18.468642766782374,20.176090027299914,1.0,10.457474362168256,-4.240583296668329,-0.6147602386829272,0.4166666666666667,0.4,48,0.6666666666666666
2019-2021,ar2,backcast,49,44,18.253082843674807,19.246082008778878,1.0,10.124690330571758,-3.717153512436639,-0.6304105360422352,0.4897959183673469,0.45454545454545453,49,0.673469387755102
2019-2021,mean,forecast,157,42,13.226734786708601,14.079026220350384,0.9053912707189903,7.659451313462111,-0.6350295503665685,-0.18320634125013785,0.8343949044585988,0.9047619047619048,157,0.7452229299363057
2019-2021,mean,nowcast M1,48,43,13.227402304656344,13.902054098266909,0.8929092140122743,7.396138561067526,-0.9547194080175346,-0.21762297126798028,0.8333333333333334,0.9069767441860465,48,0.8333333333333334
2019-2021,mean,nowcast M2,60,55,13.264425110226828,13.790301081302985,0.7182133131127625,7.3875005120522905,-0.9582356404282806,-0.6720004560244337,0.5833333333333334,0.6363636363636364,60,0.8333333333333334
2019-2021,mean,nowcast M3,48,40,13.26442511022683,14.46162786548393,0.7182133131127627,7.387500512052291,-0.9582356404282804,-0.6720004560244328,0.5833333333333334,0.6,48,0.8333333333333334
2019-2021,mean,backcast,49,44,13.09679878801131,13.803243192512587,0.717511606131219,7.138739778548923,-0.4967427177424814,-0.6752880469518628,0.5714285714285714,0.5454545454545454,49,0.8367346938775511
2024-2025,fed_overlap/gaussian,forecast,104,39,1.6543954950868751,1.6201848563808336,0.9904412623442755,1.3677598525237458,-0.19604032479671527,0.11750131527480877,0.8942307692307693,0.9230769230769231,104,0.875
2024-2025,fed_overlap/gaussian,nowcast M1,32,32,2.0184329207809135,2.0184329207809135,1.1326887502415643,1.5167901442077845,0.16239832253286385,-0.025462909185968472,0.84375,0.84375,32,0.875
2024-2025,fed_overlap/gaussian,nowcast M2,40,40,2.151292150897429,2.151292150897429,1.248497814770461,1.7062634557914937,-0.16748030336192948,0.01655047120799904,0.75,0.75,40,0.825
2024-2025,fed_overlap/gaussian,nowcast M3,32,32,2.0179383081809794,2.0179383081809794,1.171106196364157,1.5173352695920155,-0.3548971779450458,0.1951475428129717,0.75,0.75,32,0.8125
2024-2025,fed_overlap/gaussian,backcast,32,32,2.13788893010543,2.13788893010543,1.314436361478275,1.557428596918228,-0.31919100566692254,-0.11620123064157212,0.75,0.75,32,0.875
2024-2025,fed_overlap/gaussian_ar1,forecast,104,39,1.6762555329009194,1.6259522806023294,1.003528268148954,1.431819305431024,-0.44972224830967467,0.20755339076964285,0.8557692307692307,0.8717948717948718,104,0.875
2024-2025,fed_overlap/gaussian_ar1,nowcast M1,32,32,1.9326835303045593,1.9326835303045593,1.0845685630742545,1.4905961914729282,-0.1359492525209569,0.11893996793114177,0.84375,0.84375,32,0.875
2024-2025,fed_overlap/gaussian_ar1,nowcast M2,40,40,2.123315319668367,2.123315319668367,1.2322615203930958,1.7185298988971922,-0.1841066853485172,-0.030652871083318874,0.75,0.75,40,0.825
2024-2025,fed_overlap/gaussian_ar1,nowcast M3,32,32,1.9913618721120374,1.9913618721120374,1.155682618333335,1.5236483052203738,-0.36935096888366814,0.18879951228661143,0.75,0.75,32,0.8125
2024-2025,fed_overlap/gaussian_ar1,backcast,32,32,2.1319512250751185,2.1319512250751185,1.3107856875420996,1.5753682175586836,-0.3269170661196635,-0.12103771747361923,0.75,0.75,32,0.875
2024-2025,fed_overlap/student_t,forecast,104,39,1.7007506008817448,1.736814370772835,1.0181927943303815,1.389419835601687,-0.41156296003273474,0.10222172632765326,0.8365384615384616,0.8717948717948718,104,0.875
2024-2025,fed_overlap/student_t,nowcast M1,32,32,1.945828407963899,1.945828407963899,1.0919451049918703,1.5953383450094798,-0.011158598393924885,-0.2255923055279403,0.75,0.75,32,0.875
2024-2025,fed_overlap/student_t,nowcast M2,40,40,1.9401960361226593,1.9401960361226593,1.1259886344655494,1.6545447657822365,-0.2506819324819947,-0.04105755736764946,0.75,0.75,40,0.825
2024-2025,fed_overlap/student_t,nowcast M3,32,32,1.9235019672726679,1.9235019672726679,1.116300267188168,1.5361293890973216,-0.35075340641282565,0.1092830194324232,0.75,0.75,32,0.8125
2024-2025,fed_overlap/student_t,backcast,32,32,2.0135972009006853,2.0135972009006853,1.2380181874575737,1.5445276807804706,-0.31712030801740043,-0.18739727009731524,0.75,0.75,32,0.875
2024-2025,fed_overlap/student_t_ar1,forecast,104,39,1.6987664726245382,1.6851340074405219,1.0170049510960661,1.4790159912038605,-0.6104401686899773,0.27736356610761354,0.8653846153846154,0.8717948717948718,104,0.875
2024-2025,fed_overlap/student_t_ar1,nowcast M1,32,32,1.7906893636696382,1.7906893636696382,1.0048853625619107,1.4595055858895771,-0.10401421648645064,0.09306664639986997,0.8125,0.8125,32,0.875
2024-2025,fed_overlap/student_t_ar1,nowcast M2,40,40,1.9411083268454614,1.9411083268454614,1.126518080442182,1.6511530076942442,-0.2675680323651729,0.10258807651323543,0.75,0.75,40,0.825
2024-2025,fed_overlap/student_t_ar1,nowcast M3,32,32,2.0575535976338606,2.0575535976338606,1.194096845166919,1.575821197090583,-0.38428418526857916,0.16649428253727971,0.75,0.75,32,0.8125
2024-2025,fed_overlap/student_t_ar1,backcast,32,32,2.219273945776374,2.219273945776374,1.364474238736984,1.609208267203121,-0.3337133479167387,-0.1374788507936479,0.75,0.75,32,0.875
2024-2025,fed_overlap/student_t_ar1_shared,forecast,104,39,1.7000791582042905,1.7075084631951019,1.0177908199929122,1.4484772931147991,-0.43921865898143925,0.0877957460450261,0.875,0.8717948717948718,104,0.875
2024-2025,fed_overlap/student_t_ar1_shared,nowcast M1,32,32,1.8432856586135693,1.8432856586135693,1.0344009491211752,1.5299699962386422,-0.0158418313993562,-0.07708783929067685,0.84375,0.84375,32,0.875
2024-2025,fed_overlap/student_t_ar1_shared,nowcast M2,40,40,1.8903061125574496,1.8903061125574496,1.097035123653805,1.5849527959507068,-0.18540590664613488,0.055969769710538776,0.75,0.75,40,0.85
2024-2025,fed_overlap/student_t_ar1_shared,nowcast M3,32,32,1.9343608082563626,1.9343608082563626,1.12260217240984,1.5013143032810397,-0.28783804457310846,0.12805622190950117,0.75,0.75,32,0.8125
2024-2025,fed_overlap/student_t_ar1_shared,backcast,32,32,2.086050973422239,2.086050973422239,1.282564876383976,1.5639180664286254,-0.3363065696275495,-0.18415317489801067,0.75,0.75,32,0.875
2024-2025,ar2,forecast,104,39,1.6703620476908305,1.6110199847898585,1.0,1.4243483824541197,0.26934812159679244,-0.2859020100880866,0.875,0.8717948717948718,104,0.875
2024-2025,ar2,nowcast M1,32,32,1.7819837270834107,1.7819837270834107,1.0,1.5859558652323236,0.4264689351087299,-0.5335444504757295,0.875,0.875,32,0.875
2024-2025,ar2,nowcast M2,40,40,1.7231044583709973,1.7231044583709973,1.0,1.4844592978556825,0.43565343937784073,0.31459869474584545,0.75,0.75,40,0.875
2024-2025,ar2,nowcast M3,32,32,1.7231044583709973,1.7231044583709973,1.0,1.4844592978556825,0.4356534393778407,0.31459869474584534,0.75,0.75,32,0.875
2024-2025,ar2,backcast,32,32,1.626468190290371,1.626468190290371,1.0,1.375025846047469,0.0659193737389665,0.05520710353235401,0.75,0.75,32,0.875
2024-2025,mean,forecast,104,39,1.6664931397700202,1.6053814299156044,0.9976837908128009,1.4198301152357113,0.27079421851117846,-0.018672899131746117,0.875,0.8717948717948718,104,0.875
2024-2025,mean,nowcast M1,32,32,1.77500156705193,1.77500156705193,0.996081804830559,1.5785332007231605,0.4270100340026518,-0.29680966931652253,0.875,0.875,32,0.875
2024-2025,mean,nowcast M2,40,40,1.7776538640629584,1.7776538640629584,1.03165763133335,1.5827674329411416,0.4265353326294365,-0.6347377399613361,0.75,0.75,40,0.875
2024-2025,mean,nowcast M3,32,32,1.7776538640629584,1.7776538640629584,1.03165763133335,1.5827674329411416,0.4265353326294365,-0.6347377399613362,0.75,0.75,32,0.875
2024-2025,mean,backcast,32,32,1.6296430640864468,1.6296430640864468,1.0019520048501587,1.4108316878093374,0.059889101135877865,-0.6021831769551756,0.75,0.75,32,0.875
