window,n_trimestri,metodo,n,n_com,RMSE,RMSE_com,RMSE_rel_ar2,MAE,Bias,corr,MDA,MDA_com,n_dir,SignAcc
2007-2019,46,fed_overlap/gaussian,1382,1014,2.1150241019604925,1.993249677646225,0.8349648802187908,1.549330199826841,0.6230963544254237,0.5883938983808711,0.785921625544267,0.7928994082840237,1378,0.8827785817655571
2007-2019,46,fed_overlap/gaussian_ar1,1382,1014,2.245291419559196,2.082141209249347,0.8863915448768451,1.615601514059312,0.6527994619692381,0.5267318859030754,0.7764876632801161,0.7751479289940828,1378,0.8798842257597684
2007-2019,46,fed_overlap/student_t,1382,1014,2.085035798185272,1.9783637386589594,0.8231261591155977,1.4863972516806783,0.6796443410357929,0.6145650786363805,0.7873730043541364,0.7909270216962525,1378,0.8892908827785818
2007-2019,46,fed_overlap/student_t_ar1,1382,1014,2.2063979324608036,2.053741072523143,0.8710372537525508,1.5639977636457703,0.648846921113726,0.5378681763680461,0.772133526850508,0.7840236686390533,1378,0.8813314037626628
2007-2019,46,fed_overlap/student_t_ar1_shared,1382,1014,2.193612435602504,2.0327774238984646,0.8659898215067754,1.5481994564458013,0.7842766425764667,0.5699894479037457,0.7685050798258345,0.7781065088757396,1378,0.886396526772793
2007-2019,46,nyfed,1014,1014,2.18794424496853,2.18794424496853,0.8637521448252818,1.5331949213528522,0.33725144506563387,0.5024089990926779,0.7337278106508875,0.7337278106508875,1014,0.8944773175542406
2007-2019,46,ar2,1382,1014,2.533069536297479,2.484568119577841,1.0,1.7308388867705846,0.3846796237794411,0.22360104963641303,0.7177068214804064,0.7149901380670611,1378,0.8516642547033285
2007-2019,46,mean,1382,1014,2.71495695626803,2.711742303458106,1.0718051428767372,1.7734965544584613,0.8830852102903382,-0.44852777492077506,0.7387518142235123,0.7327416173570019,1378,0.8480463096960926
2007-2021,54,fed_overlap/gaussian,1622,1173,5.4205565219919025,4.558512212833358,0.6732526426923366,2.4807886384685096,0.49547553741743405,0.6018901922387744,0.7935723114956736,0.7971014492753623,1618,0.8668310727496917
2007-2021,54,fed_overlap/gaussian_ar1,1622,1173,5.62391835688215,4.774608664792618,0.6985109150131112,2.5976673384789786,0.6227056345383962,0.5499555236768647,0.7824474660074165,0.7851662404092071,1618,0.8662145499383477
2007-2021,54,fed_overlap/student_t,1622,1173,5.446805850089843,4.720339086886492,0.6765129037816063,2.4650235280864297,0.5675792808080716,0.6428451371980693,0.7898640296662547,0.7877237851662404,1618,0.8754623921085081
2007-2021,54,fed_overlap/student_t_ar1,1622,1173,5.425377351198428,4.611768411638074,0.6738514070424718,2.4929358217180733,0.6393634751700429,0.6121005556605987,0.7737948084054388,0.7860187553282183,1618,0.8680641183723797
2007-2021,54,fed_overlap/student_t_ar1_shared,1622,1173,5.415767200067802,4.560929017720294,0.6726577916601552,2.4916585706865777,0.7440890218094947,0.6247522367698649,0.7762669962917181,0.7843137254901961,1618,0.872996300863132
2007-2021,54,nyfed,1173,1173,4.844506983808835,4.844506983808835,0.6017052153516225,2.308422181102673,0.12814954366908277,0.687506391638602,0.7502131287297528,0.7502131287297528,1173,0.886615515771526
2007-2021,54,ar2,1622,1173,8.051296316216602,8.255678561634097,1.0,3.4823409970510357,-0.1764562289291865,-0.29764191709928906,0.7088998763906057,0.6956521739130435,1618,0.8076448828606658
2007-2021,54,mean,1622,1173,6.689299811998114,6.605021978678551,0.8308351288133305,3.014973305746741,0.6715085383401315,-0.25587645428363115,0.7428924598269468,0.7289002557544757,1618,0.8335388409371147
2007-2025,66,fed_overlap/gaussian,1983,1983,4.993061462766766,4.993061462766766,0.681293163865532,2.354533790464952,0.22350772841253955,0.5851493255487272,0.7776654876200101,0.7776654876200101,1979,0.8714069591527988
2007-2025,66,fed_overlap/gaussian_ar1,1983,1983,5.1623077699143325,5.1623077699143325,0.7043864810475778,2.4356342750905022,0.3410519511856169,0.5348414614512484,0.7665487620010106,0.7665487620010106,1979,0.8719112455874937
2007-2025,66,fed_overlap/student_t,1983,1983,5.007891141893874,5.007891141893874,0.6833166436658427,2.330870926559225,0.288358219064877,0.6249947372912709,0.7685699848408287,0.7685699848408287,1979,0.880988401412002
2007-2025,66,fed_overlap/student_t_ar1,1983,1983,4.993175697237983,4.993175697237983,0.6813087509286792,2.374634324150165,0.3137032931428477,0.5919185139417803,0.7589691763516928,0.7589691763516928,1979,0.8734241048915784
2007-2025,66,fed_overlap/student_t_ar1_shared,1983,1983,4.977027961844381,4.977027961844382,0.67910542500978,2.3541358040791174,0.4328814913129419,0.6064443691704379,0.7645275391611925,0.7645275391611925,1979,0.8799798285426123
2007-2025,66,ar2,1983,1983,7.328800181168786,7.328800181168785,1.0,3.121775967465063,-0.24112350502262223,-0.2857796879937097,0.7134916624557858,0.7134916624557858,1979,0.8275340393343419
2007-2025,66,mean,1983,1983,6.105985755803087,6.105985755803087,0.8331494384977642,2.7416299465932585,0.45156630224338434,-0.26392368156049006,0.7412834765032845,0.7412834765032845,1979,0.848714069591528
2007-2010,14,fed_overlap/gaussian,420,420,2.8429986613020755,2.8429986613020755,0.7479639491095841,1.9892202319259187,0.9873175627926029,0.6448467718490021,0.8413461538461539,0.8413461538461539,416,0.7571428571428571
2007-2010,14,fed_overlap/gaussian_ar1,420,420,3.1375045609004135,3.1375045609004135,0.8254454473241337,2.1765441227227766,1.0726486734946898,0.5591426791778393,0.8557692307692307,0.8557692307692307,416,0.7476190476190476
2007-2010,14,fed_overlap/student_t,420,420,2.792932309166655,2.792932309166655,0.7347920025411783,1.8222325809660571,1.1373603632196139,0.6905819931520674,0.8509615384615384,0.8509615384615384,416,0.7785714285714286
2007-2010,14,fed_overlap/student_t_ar1,420,420,3.1192927431172834,3.1192927431172834,0.820654103826527,2.0718057597925448,1.4078073464799976,0.6044263625188233,0.84375,0.84375,416,0.7571428571428571
2007-2010,14,fed_overlap/student_t_ar1_shared,420,420,3.056476612411517,3.0564766124115166,0.8041278205644201,1.9700978515575327,1.558749000287545,0.6558173576038042,0.8509615384615384,0.8509615384615384,416,0.7690476190476191
2007-2010,14,ar2,420,420,3.800983542972267,3.800983542972267,1.0,2.515755199162658,1.1619218221955565,0.18275630985667893,0.7115384615384616,0.7115384615384616,416,0.6547619047619048
2007-2010,14,mean,420,420,4.306903480213524,4.306903480213524,1.1331023750883282,2.908755089556668,2.4628894245234605,-0.2863411623729631,0.6802884615384616,0.6802884615384616,416,0.6428571428571429
2019-2021,10,fed_overlap/gaussian,300,300,11.785734108830633,11.785734108830631,0.6572596462846798,6.5913119347554945,-0.5031529970329188,0.6156930752542253,0.7866666666666666,0.7866666666666666,300,0.82
2019-2021,10,fed_overlap/gaussian_ar1,300,300,12.18073718149775,12.18073718149775,0.6792879372188888,6.915269070056159,0.04644697448626213,0.5676860557358633,0.76,0.76,300,0.83
2019-2021,10,fed_overlap/student_t,300,300,11.87247894729102,11.87247894729102,0.6620971796378866,6.778386421289169,-0.3551926784241209,0.6663642853212212,0.7633333333333333,0.7633333333333333,300,0.8366666666666667
2019-2021,10,fed_overlap/student_t_ar1,300,300,11.720536379220473,11.720536379220473,0.6536237389829844,6.607405345415532,0.13405500530080455,0.6335783374746068,0.7333333333333333,0.7333333333333333,300,0.8333333333333334
2019-2021,10,fed_overlap/student_t_ar1_shared,300,300,11.704347698692445,11.704347698692445,0.6527209385006881,6.64581619000139,0.10399440942102084,0.6417144569956474,0.77,0.77,300,0.8366666666666667
2019-2021,10,ar2,300,300,17.931625918999234,17.931625918999238,1.0,11.193397508523892,-3.065069134145547,-0.3582395482436776,0.5966666666666667,0.5966666666666667,300,0.6433333333333333
2019-2021,10,mean,300,300,14.438463567022895,14.438463567022895,0.8051954481007101,8.413533761658975,-0.7199419209054194,-0.4052127308852234,0.77,0.77,300,0.8
2024-2025,6,fed_overlap/gaussian,180,180,2.1052489033770247,2.1052489033770247,1.2379334194635752,1.6881622207605604,-0.37467600230171155,-0.193381236222409,0.7666666666666667,0.7666666666666667,180,0.8333333333333334
2024-2025,6,fed_overlap/gaussian_ar1,180,180,2.097373092464861,2.097373092464861,1.2333022665780877,1.7205713404410548,-0.5630406239032262,-0.09233243478933878,0.7444444444444445,0.7444444444444445,180,0.8333333333333334
2024-2025,6,fed_overlap/student_t,180,180,2.068942425828678,2.068942425828678,1.2165843990090313,1.7338394211560728,-0.5616935373124408,-0.2994990253177806,0.7166666666666667,0.7166666666666667,180,0.8333333333333334
2024-2025,6,fed_overlap/student_t_ar1,180,180,2.1149522898731847,2.1149522898731847,1.2436392276491532,1.7507468953313088,-0.5527775472775486,-0.16172903155018076,0.7277777777777777,0.7277777777777777,180,0.8333333333333334
2024-2025,6,fed_overlap/student_t_ar1_shared,180,180,2.0462709582757768,2.0462709582757768,1.2032530692517753,1.6557850191918937,-0.4396942499780056,-0.2087803231144547,0.7444444444444445,0.7444444444444445,180,0.8333333333333334
2024-2025,6,ar2,180,180,1.7006156149248133,1.7006156149248133,1.0,1.419835601386706,-0.05960561069558585,0.004269640176911682,0.7611111111111111,0.7611111111111111,180,0.8333333333333334
2024-2025,6,mean,180,180,1.7011589247847796,1.7011589247847796,1.0003194783437235,1.4480851311226388,-0.08856271902638928,-0.48339246557886084,0.7611111111111111,0.7611111111111111,180,0.8333333333333334
