as_of,target_quarter,horizon_week,spec,variant,nowcast_bea,nowcast_livello,nowcast_z,sd_z,realizzato_bea,realizzato_livello,errore_bea,gdp_release_date,n_releases,n_iter,converged,reestimated
2023-02-03,2023Q1,5,bbvar,-,1.9453260377396475,1.9266464348665056,,2.915082546246361,2.926993175212877,2.884974679698935,-0.98166713747323,2023-04-28,12,1000,True,True
2023-02-03,2023Q1,5,benchmark,ar2,2.6014397632917685,2.5681779430740868,-0.0054820021739165,,2.926993175212877,2.884974679698935,-0.325553411921109,2023-04-28,12,0,True,False
2023-02-03,2023Q1,5,benchmark,mean,2.625800612630691,2.5919183095173484,0.0,,2.926993175212877,2.884974679698935,-0.3011925625821865,2023-04-28,12,0,True,False
2023-02-03,2023Q1,5,cbvar,authors,0.7631472539093576,0.7602500160449716,,5.218294258549646,2.926993175212877,2.884974679698935,-2.16384592130352,2023-04-28,12,1000,True,True
2023-02-03,2023Q1,5,lbvar,-,-2.568853905964408,-2.6024251363992,,3.5323207457577803,2.926993175212877,2.884974679698935,-5.495847081177285,2023-04-28,12,250,True,True
2023-02-03,2023Q1,5,qbvar,-,-0.459097798191227,-0.4601548887599364,,4.294957764765022,2.926993175212877,2.884974679698935,-3.3860909734041043,2023-04-28,12,1000,True,True
2023-02-03,2023Q2,-8,bbvar,-,-0.7772155204074482,-0.780251581623779,,3.832103070745924,2.5352403907615395,2.503636219206331,-3.312455911168988,2023-07-28,12,1000,True,True
2023-02-03,2023Q2,-8,benchmark,ar2,2.626582498980401,2.5926801874920296,0.0001759289067185,,2.5352403907615395,2.503636219206331,0.0913421082188614,2023-07-28,12,0,True,False
2023-02-03,2023Q2,-8,benchmark,mean,2.625800612630691,2.5919183095173484,0.0,,2.5352403907615395,2.503636219206331,0.0905602218691514,2023-07-28,12,0,True,False
2023-02-03,2023Q2,-8,cbvar,authors,-1.1860765227680592,-1.1931665280474255,,6.17759445284439,2.5352403907615395,2.503636219206331,-3.7213169135295994,2023-07-28,12,1000,True,True
2023-02-03,2023Q2,-8,lbvar,-,-2.8752965445536462,-2.917443053071853,,4.522144661541292,2.5352403907615395,2.503636219206331,-5.410536935315186,2023-07-28,12,250,True,True
2023-02-03,2023Q2,-8,qbvar,-,-0.8726621845357663,-0.8764921792004504,,4.581562762435709,2.5352403907615395,2.503636219206331,-3.407902575297306,2023-07-28,12,1000,True,True
2023-02-10,2023Q1,6,bbvar,-,0.9667539456849504,0.962110781060456,,2.038901615791711,2.926993175212877,2.884974679698935,-1.960239229527927,2023-04-28,7,1000,True,False
2023-02-10,2023Q1,6,benchmark,ar2,2.6014397632917685,2.5681779430740868,-0.0054820021739165,,2.926993175212877,2.884974679698935,-0.325553411921109,2023-04-28,7,0,True,False
2023-02-10,2023Q1,6,benchmark,mean,2.625800612630691,2.5919183095173484,0.0,,2.926993175212877,2.884974679698935,-0.3011925625821865,2023-04-28,7,0,True,False
2023-02-10,2023Q1,6,cbvar,authors,-0.1311411443745191,-0.1312272096261245,,5.099506880075699,2.926993175212877,2.884974679698935,-3.0581343195873965,2023-04-28,7,1000,True,False
2023-02-10,2023Q1,6,lbvar,-,-2.4809895290950457,-2.5122847801492667,,3.309336566322709,2.926993175212877,2.884974679698935,-5.407982704307923,2023-04-28,7,250,True,False
2023-02-10,2023Q1,6,qbvar,-,-0.5063734667473951,-0.5076598817334578,,4.270421158191208,2.926993175212877,2.884974679698935,-3.433366641960273,2023-04-28,7,1000,True,False
2023-02-10,2023Q2,-7,bbvar,-,0.0158090350677153,0.0158077855714536,,3.65613118523234,2.5352403907615395,2.503636219206331,-2.519431355693824,2023-07-28,7,1000,True,False
2023-02-10,2023Q2,-7,benchmark,ar2,2.626582498980401,2.5926801874920296,0.0001759289067185,,2.5352403907615395,2.503636219206331,0.0913421082188614,2023-07-28,7,0,True,False
2023-02-10,2023Q2,-7,benchmark,mean,2.625800612630691,2.5919183095173484,0.0,,2.5352403907615395,2.503636219206331,0.0905602218691514,2023-07-28,7,0,True,False
2023-02-10,2023Q2,-7,cbvar,authors,-0.7778875493057502,-0.780928876841444,,6.110497296012134,2.5352403907615395,2.503636219206331,-3.313127940067289,2023-07-28,7,1000,True,False
2023-02-10,2023Q2,-7,lbvar,-,-2.566591927695677,-2.6001035461248594,,4.189296565149245,2.5352403907615395,2.503636219206331,-5.101832318457217,2023-07-28,7,250,True,False
2023-02-10,2023Q2,-7,qbvar,-,-0.4435429674669255,-0.444529537609356,,4.553036803711118,2.5352403907615395,2.503636219206331,-2.978783358228465,2023-07-28,7,1000,True,False
2023-02-17,2023Q1,7,bbvar,-,1.28583197448513,1.2776353436419992,,1.967737951373753,2.926993175212877,2.884974679698935,-1.6411612007277476,2023-04-28,10,1000,True,False
2023-02-17,2023Q1,7,benchmark,ar2,2.6014397632917685,2.5681779430740868,-0.0054820021739165,,2.926993175212877,2.884974679698935,-0.325553411921109,2023-04-28,10,0,True,False
2023-02-17,2023Q1,7,benchmark,mean,2.625800612630691,2.5919183095173484,0.0,,2.926993175212877,2.884974679698935,-0.3011925625821865,2023-04-28,10,0,True,False
2023-02-17,2023Q1,7,cbvar,authors,-0.5869383711227194,-0.5886676241331337,,5.424122660091237,2.926993175212877,2.884974679698935,-3.5139315463355967,2023-04-28,10,1000,True,False
2023-02-17,2023Q1,7,lbvar,-,1.4260201394659888,1.41594811210398,,2.824049777433382,2.926993175212877,2.884974679698935,-1.500973035746889,2023-04-28,10,250,True,False
2023-02-17,2023Q1,7,qbvar,-,-0.7499761137475303,-0.7528025753289352,,4.603743216872542,2.926993175212877,2.884974679698935,-3.676969288960408,2023-04-28,10,1000,True,False
2023-02-17,2023Q2,-6,bbvar,-,0.315542876635777,0.3150460848871092,,3.803445507379077,2.5352403907615395,2.503636219206331,-2.2196975141257624,2023-07-28,10,1000,True,False
2023-02-17,2023Q2,-6,benchmark,ar2,2.626582498980401,2.5926801874920296,0.0001759289067185,,2.5352403907615395,2.503636219206331,0.0913421082188614,2023-07-28,10,0,True,False
2023-02-17,2023Q2,-6,benchmark,mean,2.625800612630691,2.5919183095173484,0.0,,2.5352403907615395,2.503636219206331,0.0905602218691514,2023-07-28,10,0,True,False
2023-02-17,2023Q2,-6,cbvar,authors,-1.1517127687421969,-1.158396346889484,,6.453537772263235,2.5352403907615395,2.503636219206331,-3.686953159503736,2023-07-28,10,1000,True,False
2023-02-17,2023Q2,-6,lbvar,-,-2.7172793157954067,-2.7548800601650467,,4.225165685164671,2.5352403907615395,2.503636219206331,-5.252519706556946,2023-07-28,10,250,True,False
2023-02-17,2023Q2,-6,qbvar,-,-0.4348677337789652,-0.4358160337406889,,4.675049048332258,2.5352403907615395,2.503636219206331,-2.9701081245405048,2023-07-28,10,1000,True,False
2023-02-24,2023Q1,8,bbvar,-,1.3091001697868363,1.3006055089445003,,1.960172291640058,2.926993175212877,2.884974679698935,-1.617893005426041,2023-04-28,2,1000,True,False
2023-02-24,2023Q1,8,benchmark,ar2,2.6014397632917685,2.5681779430740868,-0.0054820021739165,,2.926993175212877,2.884974679698935,-0.325553411921109,2023-04-28,2,0,True,False
2023-02-24,2023Q1,8,benchmark,mean,2.625800612630691,2.5919183095173484,0.0,,2.926993175212877,2.884974679698935,-0.3011925625821865,2023-04-28,2,0,True,False
2023-02-24,2023Q1,8,cbvar,authors,-0.5383716532258831,-0.5398260959645707,,5.2334536926893565,2.926993175212877,2.884974679698935,-3.4653648284387604,2023-04-28,2,1000,True,False
2023-02-24,2023Q1,8,lbvar,-,1.5684004792184791,1.556228187454957,,2.8304558094400303,2.926993175212877,2.884974679698935,-1.3585926959943984,2023-04-28,2,250,True,False
2023-02-24,2023Q1,8,qbvar,-,-0.8952537464224974,-0.8992852221033033,,4.928523494597256,2.926993175212877,2.884974679698935,-3.822246921635375,2023-04-28,2,1000,True,False
2023-02-24,2023Q2,-5,bbvar,-,0.3940398392560218,0.3932655356580076,,3.602026966097778,2.5352403907615395,2.503636219206331,-2.1412005515055177,2023-07-28,2,1000,True,False
2023-02-24,2023Q2,-5,benchmark,ar2,2.626582498980401,2.5926801874920296,0.0001759289067185,,2.5352403907615395,2.503636219206331,0.0913421082188614,2023-07-28,2,0,True,False
2023-02-24,2023Q2,-5,benchmark,mean,2.625800612630691,2.5919183095173484,0.0,,2.5352403907615395,2.503636219206331,0.0905602218691514,2023-07-28,2,0,True,False
2023-02-24,2023Q2,-5,cbvar,authors,-1.1263411142281854,-1.1327323726554344,,6.431686198940699,2.5352403907615395,2.503636219206331,-3.6615815049897247,2023-07-28,2,1000,True,False
2023-02-24,2023Q2,-5,lbvar,-,-3.1358497844929447,-3.186070236221051,,4.076187410710943,2.5352403907615395,2.503636219206331,-5.671090175254484,2023-07-28,2,250,True,False
2023-02-24,2023Q2,-5,qbvar,-,-0.5094813019564104,-0.5107835830772562,,4.865610033566566,2.5352403907615395,2.503636219206331,-3.0447216927179497,2023-07-28,2,1000,True,False
2023-03-03,2023Q1,9,bbvar,-,1.4178753427291135,1.4079175063794245,,1.893001670376328,2.926993175212877,2.884974679698935,-1.509117832483764,2023-04-28,12,1000,True,False
2023-03-03,2023Q1,9,benchmark,ar2,2.6014397632917685,2.5681779430740868,-0.0054820021739165,,2.926993175212877,2.884974679698935,-0.325553411921109,2023-04-28,12,0,True,False
2023-03-03,2023Q1,9,benchmark,mean,2.625800612630691,2.5919183095173484,0.0,,2.926993175212877,2.884974679698935,-0.3011925625821865,2023-04-28,12,0,True,False
2023-03-03,2023Q1,9,cbvar,authors,1.5223369488689853,1.510865674400219,,5.473102537197238,2.926993175212877,2.884974679698935,-1.4046562263438922,2023-04-28,12,1000,True,False
2023-03-03,2023Q1,9,lbvar,-,1.2649829416232494,1.2570488720998847,,2.549833243585661,2.926993175212877,2.884974679698935,-1.662010233589628,2023-04-28,12,250,True,False
2023-03-03,2023Q1,9,qbvar,-,-0.9081429917244144,-0.9122917470466784,,4.797966596755811,2.926993175212877,2.884974679698935,-3.835136166937292,2023-04-28,12,1000,True,False
2023-03-03,2023Q2,-4,bbvar,-,1.4688328520933602,1.4581499842870695,,3.735296472796006,2.5352403907615395,2.503636219206331,-1.0664075386681793,2023-07-28,12,1000,True,False
2023-03-03,2023Q2,-4,benchmark,ar2,2.626582498980401,2.5926801874920296,0.0001759289067185,,2.5352403907615395,2.503636219206331,0.0913421082188614,2023-07-28,12,0,True,False
2023-03-03,2023Q2,-4,benchmark,mean,2.625800612630691,2.5919183095173484,0.0,,2.5352403907615395,2.503636219206331,0.0905602218691514,2023-07-28,12,0,True,False
2023-03-03,2023Q2,-4,cbvar,authors,-1.555783665841931,-1.5680129869292927,,6.566782865968515,2.5352403907615395,2.503636219206331,-4.09102405660347,2023-07-28,12,1000,True,False
2023-03-03,2023Q2,-4,lbvar,-,-2.2005590566940905,-2.2251325289773414,,4.462512452552348,2.5352403907615395,2.503636219206331,-4.73579944745563,2023-07-28,12,250,True,False
2023-03-03,2023Q2,-4,qbvar,-,-0.3194668369218389,-0.3199782216481571,,4.815690987879382,2.5352403907615395,2.503636219206331,-2.8547072276833783,2023-07-28,12,1000,True,False
2023-03-10,2023Q1,10,bbvar,-,1.4049368542062846,1.3951590908932838,,1.9118148431024595,2.926993175212877,2.884974679698935,-1.522056321006593,2023-04-28,8,1000,True,False
2023-03-10,2023Q1,10,benchmark,ar2,2.6014397632917685,2.5681779430740868,-0.0054820021739165,,2.926993175212877,2.884974679698935,-0.325553411921109,2023-04-28,8,0,True,False
2023-03-10,2023Q1,10,benchmark,mean,2.625800612630691,2.5919183095173484,0.0,,2.926993175212877,2.884974679698935,-0.3011925625821865,2023-04-28,8,0,True,False
2023-03-10,2023Q1,10,cbvar,authors,0.0880835916167277,0.0880448207866566,,4.595278969751933,2.926993175212877,2.884974679698935,-2.8389095835961498,2023-04-28,8,1000,True,False
2023-03-10,2023Q1,10,lbvar,-,-0.4291473672153267,-0.4300708475372881,,2.0901264983501697,2.926993175212877,2.884974679698935,-3.3561405424282045,2023-04-28,8,250,True,False
2023-03-10,2023Q1,10,qbvar,-,-0.8152158518785368,-0.8185569065653286,,4.9835579433226265,2.926993175212877,2.884974679698935,-3.7422090270914143,2023-04-28,8,1000,True,False
2023-03-10,2023Q2,-3,bbvar,-,1.3262000039351851,1.3174829574189555,,3.869068013162022,2.5352403907615395,2.503636219206331,-1.2090403868263544,2023-07-28,8,1000,True,False
2023-03-10,2023Q2,-3,benchmark,ar2,2.626582498980401,2.5926801874920296,0.0001759289067185,,2.5352403907615395,2.503636219206331,0.0913421082188614,2023-07-28,8,0,True,False
2023-03-10,2023Q2,-3,benchmark,mean,2.625800612630691,2.5919183095173484,0.0,,2.5352403907615395,2.503636219206331,0.0905602218691514,2023-07-28,8,0,True,False
2023-03-10,2023Q2,-3,cbvar,authors,-1.0967059784935396,-1.1027641326549602,,6.293502261379055,2.5352403907615395,2.503636219206331,-3.631946369255079,2023-07-28,8,1000,True,False
2023-03-10,2023Q2,-3,lbvar,-,-2.069552004180031,-2.091267361232424,,4.173697934716518,2.5352403907615395,2.503636219206331,-4.604792394941571,2023-07-28,8,250,True,False
2023-03-10,2023Q2,-3,qbvar,-,-0.6295621028756582,-0.6315522020863487,,4.732089246035776,2.5352403907615395,2.503636219206331,-3.1648024936371977,2023-07-28,8,1000,True,False
2023-03-17,2023Q1,11,bbvar,-,2.540388619435463,2.508657029041073,,1.8859242141545012,2.926993175212877,2.884974679698935,-0.3866045557774145,2023-04-28,10,1000,True,False
2023-03-17,2023Q1,11,benchmark,ar2,2.6014397632917685,2.5681779430740868,-0.0054820021739165,,2.926993175212877,2.884974679698935,-0.325553411921109,2023-04-28,10,0,True,False
2023-03-17,2023Q1,11,benchmark,mean,2.625800612630691,2.5919183095173484,0.0,,2.926993175212877,2.884974679698935,-0.3011925625821865,2023-04-28,10,0,True,False
2023-03-17,2023Q1,11,cbvar,authors,1.05897105231888,1.0534032271482574,,4.026149974334079,2.926993175212877,2.884974679698935,-1.8680221228939973,2023-04-28,10,1000,True,False
2023-03-17,2023Q1,11,lbvar,-,-0.0699975753286952,-0.070022085069605,,1.756857399204012,2.926993175212877,2.884974679698935,-2.9969907505415727,2023-04-28,10,250,True,False
2023-03-17,2023Q1,11,qbvar,-,-0.9309652191031692,-0.9353257849676844,,4.745471074720494,2.926993175212877,2.884974679698935,-3.8579583943160474,2023-04-28,10,1000,True,False
2023-03-17,2023Q2,-2,bbvar,-,2.232405550033134,2.207852126827496,,3.8889396912510414,2.5352403907615395,2.503636219206331,-0.3028348407284054,2023-07-28,10,1000,True,False
2023-03-17,2023Q2,-2,benchmark,ar2,2.626582498980401,2.5926801874920296,0.0001759289067185,,2.5352403907615395,2.503636219206331,0.0913421082188614,2023-07-28,10,0,True,False
2023-03-17,2023Q2,-2,benchmark,mean,2.625800612630691,2.5919183095173484,0.0,,2.5352403907615395,2.503636219206331,0.0905602218691514,2023-07-28,10,0,True,False
2023-03-17,2023Q2,-2,cbvar,authors,-0.8966408511611013,-0.9006848669218744,,6.08717599533572,2.5352403907615395,2.503636219206331,-3.4318812419226408,2023-07-28,10,1000,True,False
2023-03-17,2023Q2,-2,lbvar,-,-1.0936557740963804,-1.0996801531032805,,3.919287514614597,2.5352403907615395,2.503636219206331,-3.62889616485792,2023-07-28,10,250,True,False
2023-03-17,2023Q2,-2,qbvar,-,-0.4841828699607919,-0.4853588326273497,,4.846045290196802,2.5352403907615395,2.503636219206331,-3.0194232607223315,2023-07-28,10,1000,True,False
2023-03-24,2023Q1,12,bbvar,-,2.180705483185441,2.1572682208453795,,1.9066686058281093,2.926993175212877,2.884974679698935,-0.7462876920274364,2023-04-28,2,1000,True,False
2023-03-24,2023Q1,12,benchmark,ar2,2.6014397632917685,2.5681779430740868,-0.0054820021739165,,2.926993175212877,2.884974679698935,-0.325553411921109,2023-04-28,2,0,True,False
2023-03-24,2023Q1,12,benchmark,mean,2.625800612630691,2.5919183095173484,0.0,,2.926993175212877,2.884974679698935,-0.3011925625821865,2023-04-28,2,0,True,False
2023-03-24,2023Q1,12,cbvar,authors,0.0108048748895139,0.0108042912049509,,3.883463490131436,2.926993175212877,2.884974679698935,-2.9161883003233635,2023-04-28,2,1000,True,False
2023-03-24,2023Q1,12,lbvar,-,0.0253590786809865,0.025355863810125,,2.0333315978847,2.926993175212877,2.884974679698935,-2.901634096531891,2023-04-28,2,250,True,False
2023-03-24,2023Q1,12,qbvar,-,-2.512909931146856,-2.545022630143243,,4.115078955446113,2.926993175212877,2.884974679698935,-5.439903106359734,2023-04-28,2,1000,True,False
2023-03-24,2023Q2,-1,bbvar,-,1.2436967915750108,1.2360264150331783,,3.6831886906133935,2.5352403907615395,2.503636219206331,-1.2915435991865287,2023-07-28,2,1000,True,False
2023-03-24,2023Q2,-1,benchmark,ar2,2.626582498980401,2.5926801874920296,0.0001759289067185,,2.5352403907615395,2.503636219206331,0.0913421082188614,2023-07-28,2,0,True,False
2023-03-24,2023Q2,-1,benchmark,mean,2.625800612630691,2.5919183095173484,0.0,,2.5352403907615395,2.503636219206331,0.0905602218691514,2023-07-28,2,0,True,False
2023-03-24,2023Q2,-1,cbvar,authors,-0.3569013064989357,-0.3575397186653873,,6.243213928821833,2.5352403907615395,2.503636219206331,-2.892141697260475,2023-07-28,2,1000,True,False
2023-03-24,2023Q2,-1,lbvar,-,-2.11288239430002,-2.135523238578364,,3.9363624085604254,2.5352403907615395,2.503636219206331,-4.64812278506156,2023-07-28,2,250,True,False
2023-03-24,2023Q2,-1,qbvar,-,-0.0944271889067205,-0.0944717994619511,,4.9622292195832935,2.5352403907615395,2.503636219206331,-2.62966757966826,2023-07-28,2,1000,True,False
2023-03-31,2023Q1,13,bbvar,-,2.2415531136040667,2.2167995386513,,1.9059262255408005,2.926993175212877,2.884974679698935,-0.6854400616088108,2023-04-28,8,1000,True,False
2023-03-31,2023Q1,13,benchmark,ar2,2.6014397632917685,2.5681779430740868,-0.0054820021739165,,2.926993175212877,2.884974679698935,-0.325553411921109,2023-04-28,8,0,True,False
2023-03-31,2023Q1,13,benchmark,mean,2.625800612630691,2.5919183095173484,0.0,,2.926993175212877,2.884974679698935,-0.3011925625821865,2023-04-28,8,0,True,False
2023-03-31,2023Q1,13,cbvar,authors,-0.0865058977116473,-0.0865433356555852,,3.901770709842241,2.926993175212877,2.884974679698935,-3.013499072924525,2023-04-28,8,1000,True,False
2023-03-31,2023Q1,13,lbvar,-,0.170687994186669,0.1705424877809853,,1.851877281599038,2.926993175212877,2.884974679698935,-2.7563051810262085,2023-04-28,8,250,True,False
2023-03-31,2023Q1,13,qbvar,-,-2.258027008148311,-2.283910822487914,,4.063657858357611,2.926993175212877,2.884974679698935,-5.185020183361189,2023-04-28,8,1000,True,False
2023-03-31,2023Q2,0,bbvar,-,1.3088851085287456,1.3003932264486542,,3.788393390287629,2.5352403907615395,2.503636219206331,-1.226355282232794,2023-07-28,8,1000,True,False
2023-03-31,2023Q2,0,benchmark,ar2,2.626582498980401,2.5926801874920296,0.0001759289067185,,2.5352403907615395,2.503636219206331,0.0913421082188614,2023-07-28,8,0,True,False
2023-03-31,2023Q2,0,benchmark,mean,2.625800612630691,2.5919183095173484,0.0,,2.5352403907615395,2.503636219206331,0.0905602218691514,2023-07-28,8,0,True,False
2023-03-31,2023Q2,0,cbvar,authors,0.2225234965916422,0.2222762797347678,,6.376137125965838,2.5352403907615395,2.503636219206331,-2.312716894169897,2023-07-28,8,1000,True,False
2023-03-31,2023Q2,0,lbvar,-,-1.7971851956608276,-1.8135307043168367,,4.314531977742605,2.5352403907615395,2.503636219206331,-4.332425586422367,2023-07-28,8,250,True,False
2023-03-31,2023Q2,0,qbvar,-,0.21443731687385,0.2142077282167627,,4.744614850940583,2.5352403907615395,2.503636219206331,-2.320803073887689,2023-07-28,8,1000,True,False
2023-04-07,2023Q1,14,bbvar,-,1.5018332501213316,1.4906673908192392,,1.6606143435446064,2.926993175212877,2.884974679698935,-1.425159925091546,2023-04-28,12,1000,True,False
2023-04-07,2023Q1,14,benchmark,ar2,2.6014397632917685,2.5681779430740868,-0.0054820021739165,,2.926993175212877,2.884974679698935,-0.325553411921109,2023-04-28,12,0,True,False
2023-04-07,2023Q1,14,benchmark,mean,2.625800612630691,2.5919183095173484,0.0,,2.926993175212877,2.884974679698935,-0.3011925625821865,2023-04-28,12,0,True,False
2023-04-07,2023Q1,14,cbvar,authors,-0.0132940298231687,-0.0132949135576369,,2.767878448024224,2.926993175212877,2.884974679698935,-2.9402872050360465,2023-04-28,12,1000,True,False
2023-04-07,2023Q1,14,lbvar,-,-0.1996195885746565,-0.1998190940208839,,1.6409795781631886,2.926993175212877,2.884974679698935,-3.1266127637875343,2023-04-28,12,250,True,False
2023-04-07,2023Q1,14,qbvar,-,-0.4201309922585272,-0.4210160222384526,,2.216131098173793,2.926993175212877,2.884974679698935,-3.3471241674714047,2023-04-28,12,1000,True,False
2023-04-07,2023Q2,1,bbvar,-,1.1669344869855047,1.1601783157661638,,3.4229594838469897,2.5352403907615395,2.503636219206331,-1.3683059037760348,2023-07-28,12,1000,True,False
2023-04-07,2023Q2,1,benchmark,ar2,2.626582498980401,2.5926801874920296,0.0001759289067185,,2.5352403907615395,2.503636219206331,0.0913421082188614,2023-07-28,12,0,True,False
2023-04-07,2023Q2,1,benchmark,mean,2.625800612630691,2.5919183095173484,0.0,,2.5352403907615395,2.503636219206331,0.0905602218691514,2023-07-28,12,0,True,False
2023-04-07,2023Q2,1,cbvar,authors,-0.4588277381114614,-0.4598835834899936,,6.250035896105338,2.5352403907615395,2.503636219206331,-2.9940681288730007,2023-07-28,12,1000,True,False
2023-04-07,2023Q2,1,lbvar,-,-1.99939004257052,-2.019648328148594,,3.76497439079866,2.5352403907615395,2.503636219206331,-4.53463043333206,2023-07-28,12,250,True,False
2023-04-07,2023Q2,1,qbvar,-,-0.9095496697299033,-0.9137113268511556,,4.4622686543571,2.5352403907615395,2.503636219206331,-3.4447900604914428,2023-07-28,12,1000,True,False
2023-04-07,2023Q3,-12,bbvar,-,1.607876806653208,1.5950873775718633,,4.029895287051998,4.694888429547928,4.5880109584365245,-3.08701162289472,2023-10-28,12,1000,True,False
2023-04-07,2023Q3,-12,benchmark,ar2,2.624814514230822,2.590957436976957,-0.0002218796987768,,4.694888429547928,4.5880109584365245,-2.070073915317105,2023-10-28,12,0,True,False
2023-04-07,2023Q3,-12,benchmark,mean,2.625800612630691,2.5919183095173484,0.0,,4.694888429547928,4.5880109584365245,-2.0690878169172366,2023-10-28,12,0,True,False
2023-04-07,2023Q3,-12,cbvar,authors,-0.0025614305994292,-0.002561463404623,,6.780685650121894,4.694888429547928,4.5880109584365245,-4.697449860147357,2023-10-28,12,1000,True,False
2023-04-07,2023Q3,-12,lbvar,-,-0.7350706344006974,-0.7377855913378768,,4.10602917837952,4.694888429547928,4.5880109584365245,-5.429959063948625,2023-10-28,12,250,True,False
2023-04-07,2023Q3,-12,qbvar,-,-0.3973625408043857,-0.3981541234129248,,4.665594089403442,4.694888429547928,4.5880109584365245,-5.092250970352313,2023-10-28,12,1000,True,False
2023-04-14,2023Q1,15,bbvar,-,1.390839848271053,1.3812564286316138,,1.7265896549925497,2.926993175212877,2.884974679698935,-1.5361533269418248,2023-04-28,6,1000,True,False
2023-04-14,2023Q1,15,benchmark,ar2,2.6014397632917685,2.5681779430740868,-0.0054820021739165,,2.926993175212877,2.884974679698935,-0.325553411921109,2023-04-28,6,0,True,False
2023-04-14,2023Q1,15,benchmark,mean,2.625800612630691,2.5919183095173484,0.0,,2.926993175212877,2.884974679698935,-0.3011925625821865,2023-04-28,6,0,True,False
2023-04-14,2023Q1,15,cbvar,authors,0.1393413251850828,0.1392443352481492,,2.7956029228513657,2.926993175212877,2.884974679698935,-2.7876518500277947,2023-04-28,6,1000,True,False
2023-04-14,2023Q1,15,lbvar,-,-0.3109574957411598,-0.3114419731685549,,1.5665981852193271,2.926993175212877,2.884974679698935,-3.2379506709540373,2023-04-28,6,250,True,False
2023-04-14,2023Q1,15,qbvar,-,1.2760391757066336,1.2679663978226108,,2.106244682059925,2.926993175212877,2.884974679698935,-1.650953999506244,2023-04-28,6,1000,True,False
2023-04-14,2023Q2,2,bbvar,-,1.5914053180811405,1.578875225209993,,3.4579291962981893,2.5352403907615395,2.503636219206331,-0.943835072680399,2023-07-28,6,1000,True,False
2023-04-14,2023Q2,2,benchmark,ar2,2.626582498980401,2.5926801874920296,0.0001759289067185,,2.5352403907615395,2.503636219206331,0.0913421082188614,2023-07-28,6,0,True,False
2023-04-14,2023Q2,2,benchmark,mean,2.625800612630691,2.5919183095173484,0.0,,2.5352403907615395,2.503636219206331,0.0905602218691514,2023-07-28,6,0,True,False
2023-04-14,2023Q2,2,cbvar,authors,-0.4064839135264453,-0.4073123050003455,,6.028620976387527,2.5352403907615395,2.503636219206331,-2.941724304287985,2023-07-28,6,1000,True,False
2023-04-14,2023Q2,2,lbvar,-,-2.412454816063997,-2.44203115323259,,3.837618575301111,2.5352403907615395,2.503636219206331,-4.947695206825537,2023-07-28,6,250,True,False
2023-04-14,2023Q2,2,qbvar,-,0.0338729466695664,0.0338672110821577,,4.521517810485627,2.5352403907615395,2.503636219206331,-2.501367444091973,2023-07-28,6,1000,True,False
2023-04-14,2023Q3,-11,bbvar,-,1.3889679788699372,1.379410219759807,,4.178636194260271,4.694888429547928,4.5880109584365245,-3.3059204506779905,2023-10-28,6,1000,True,False
2023-04-14,2023Q3,-11,benchmark,ar2,2.624814514230822,2.590957436976957,-0.0002218796987768,,4.694888429547928,4.5880109584365245,-2.070073915317105,2023-10-28,6,0,True,False
2023-04-14,2023Q3,-11,benchmark,mean,2.625800612630691,2.5919183095173484,0.0,,4.694888429547928,4.5880109584365245,-2.0690878169172366,2023-10-28,6,0,True,False
2023-04-14,2023Q3,-11,cbvar,authors,-0.0911559112455717,-0.0911974835119857,,6.425377748815947,4.694888429547928,4.5880109584365245,-4.7860443407935,2023-10-28,6,1000,True,False
2023-04-14,2023Q3,-11,lbvar,-,-1.2831588158987717,-1.2914624072882797,,4.1987409834448615,4.694888429547928,4.5880109584365245,-5.9780472454467,2023-10-28,6,250,True,False
2023-04-14,2023Q3,-11,qbvar,-,-0.660511402502284,-0.6627024323972877,,4.632190431814971,4.694888429547928,4.5880109584365245,-5.355399832050212,2023-10-28,6,1000,True,False
2023-04-21,2023Q1,16,bbvar,-,1.4426085381555098,1.4323019454537904,,1.65642235502539,2.926993175212877,2.884974679698935,-1.4843846370573677,2023-04-28,6,1000,True,False
2023-04-21,2023Q1,16,benchmark,ar2,2.6014397632917685,2.5681779430740868,-0.0054820021739165,,2.926993175212877,2.884974679698935,-0.325553411921109,2023-04-28,6,0,True,False
2023-04-21,2023Q1,16,benchmark,mean,2.625800612630691,2.5919183095173484,0.0,,2.926993175212877,2.884974679698935,-0.3011925625821865,2023-04-28,6,0,True,False
2023-04-21,2023Q1,16,cbvar,authors,0.6177196724180378,0.6158196051610448,,2.769188595474282,2.926993175212877,2.884974679698935,-2.30927350279484,2023-04-28,6,1000,True,False
2023-04-21,2023Q1,16,lbvar,-,0.0526422173382945,0.0526283661838864,,1.69773201935265,2.926993175212877,2.884974679698935,-2.874350957874583,2023-04-28,6,250,True,False
2023-04-21,2023Q1,16,qbvar,-,2.272830018561245,2.247386047748613,,1.928765837051409,2.926993175212877,2.884974679698935,-0.6541631566516326,2023-04-28,6,1000,True,False
2023-04-21,2023Q2,3,bbvar,-,-0.0557165618089883,-0.0557320892531272,,3.179575287394311,2.5352403907615395,2.503636219206331,-2.590956952570528,2023-07-28,6,1000,True,False
2023-04-21,2023Q2,3,benchmark,ar2,2.626582498980401,2.5926801874920296,0.0001759289067185,,2.5352403907615395,2.503636219206331,0.0913421082188614,2023-07-28,6,0,True,False
2023-04-21,2023Q2,3,benchmark,mean,2.625800612630691,2.5919183095173484,0.0,,2.5352403907615395,2.503636219206331,0.0905602218691514,2023-07-28,6,0,True,False
2023-04-21,2023Q2,3,cbvar,authors,-0.4281625340266215,-0.4290817746386295,,5.725256489747797,2.5352403907615395,2.503636219206331,-2.963402924788161,2023-07-28,6,1000,True,False
2023-04-21,2023Q2,3,lbvar,-,-0.1666422563702807,-0.1667812590245584,,3.412057809864936,2.5352403907615395,2.503636219206331,-2.7018826471318205,2023-07-28,6,250,True,False
2023-04-21,2023Q2,3,qbvar,-,1.137847331967523,1.1314225394993964,,4.3039197421453625,2.5352403907615395,2.503636219206331,-1.3973930587940164,2023-07-28,6,1000,True,False
2023-04-21,2023Q3,-10,bbvar,-,2.929393115887813,2.887306344718698,,4.048054472857614,4.694888429547928,4.5880109584365245,-1.7654953136601148,2023-10-28,6,1000,True,False
2023-04-21,2023Q3,-10,benchmark,ar2,2.624814514230822,2.590957436976957,-0.0002218796987768,,4.694888429547928,4.5880109584365245,-2.070073915317105,2023-10-28,6,0,True,False
2023-04-21,2023Q3,-10,benchmark,mean,2.625800612630691,2.5919183095173484,0.0,,4.694888429547928,4.5880109584365245,-2.0690878169172366,2023-10-28,6,0,True,False
2023-04-21,2023Q3,-10,cbvar,authors,0.6406061752070813,0.6385630149467586,,6.432088972674481,4.694888429547928,4.5880109584365245,-4.054282254340846,2023-10-28,6,1000,True,False
2023-04-21,2023Q3,-10,lbvar,-,-1.9503022772126344,-1.9695716238939336,,4.087446069258206,4.694888429547928,4.5880109584365245,-6.645190706760562,2023-10-28,6,250,True,False
2023-04-21,2023Q3,-10,qbvar,-,-0.7527684440881977,-0.7556160453032496,,4.404307416816448,4.694888429547928,4.5880109584365245,-5.4476568736361255,2023-10-28,6,1000,True,False
