job,ok,returncode,minutes,detail,log
preflight_windows,True,0,0.03,,output/_logs/run_all/preflight_windows.log
preflight_common_sample,True,0,0.05,,output/_logs/run_all/preflight_common_sample.log
discover_dfm_cells,True,0,0.0,15 jobs,output/_logs/run_all/discover_dfm_cells.log
discover_bvar_blocks,True,0,0.0,77 jobs,output/_logs/run_all/discover_bvar_blocks.log
bvar_cbvar_2007-01-05,True,0,9.04,,output/_logs/run_all/bvar_cbvar_2007-01-05.log
dfm_diag3_gaussian,True,0,9.56,,output/_logs/run_all/dfm_diag3_gaussian.log
dfm_diag4_gaussian,True,0,10.32,,output/_logs/run_all/dfm_diag4_gaussian.log
dfm_fed_overlap_gaussian,True,0,14.57,,output/_logs/run_all/dfm_fed_overlap_gaussian.log
dfm_benchmark,True,0,15.0,,output/_logs/run_all/dfm_benchmark.log
bvar_cbvar_2018-08-03,True,0,16.87,,output/_logs/run_all/bvar_cbvar_2018-08-03.log
bvar_cbvar_2014-05-02,True,0,16.93,,output/_logs/run_all/bvar_cbvar_2014-05-02.log
bvar_cbvar_2018-11-02,True,0,17.02,,output/_logs/run_all/bvar_cbvar_2018-11-02.log
bvar_cbvar_2017-04-28,True,0,17.11,,output/_logs/run_all/bvar_cbvar_2017-04-28.log
bvar_cbvar_2011-04-29,True,0,17.23,,output/_logs/run_all/bvar_cbvar_2011-04-29.log
bvar_cbvar_2014-01-31,True,0,17.31,,output/_logs/run_all/bvar_cbvar_2014-01-31.log
bvar_cbvar_2020-01-31,True,0,17.34,,output/_logs/run_all/bvar_cbvar_2020-01-31.log
bvar_cbvar_2012-11-02,True,0,17.49,,output/_logs/run_all/bvar_cbvar_2012-11-02.log
bvar_cbvar_2010-04-30,True,0,17.65,,output/_logs/run_all/bvar_cbvar_2010-04-30.log
bvar_cbvar_2015-05-01,True,0,17.81,,output/_logs/run_all/bvar_cbvar_2015-05-01.log
bvar_cbvar_2019-08-02,True,0,17.85,,output/_logs/run_all/bvar_cbvar_2019-08-02.log
bvar_cbvar_2017-02-03,True,0,17.89,,output/_logs/run_all/bvar_cbvar_2017-02-03.log
bvar_cbvar_2013-02-01,True,0,17.98,,output/_logs/run_all/bvar_cbvar_2013-02-01.log
bvar_cbvar_2007-02-02,True,0,18.1,,output/_logs/run_all/bvar_cbvar_2007-02-02.log
bvar_cbvar_2011-01-28,True,0,18.18,,output/_logs/run_all/bvar_cbvar_2011-01-28.log
bvar_cbvar_2018-02-02,True,0,18.48,,output/_logs/run_all/bvar_cbvar_2018-02-02.log
bvar_cbvar_2016-04-29,True,0,18.55,,output/_logs/run_all/bvar_cbvar_2016-04-29.log
bvar_cbvar_2009-05-01,True,0,18.56,,output/_logs/run_all/bvar_cbvar_2009-05-01.log
bvar_cbvar_2010-01-29,True,0,18.58,,output/_logs/run_all/bvar_cbvar_2010-01-29.log
bvar_cbvar_2016-01-29,True,0,18.6,,output/_logs/run_all/bvar_cbvar_2016-01-29.log
bvar_cbvar_2012-02-03,True,0,18.62,,output/_logs/run_all/bvar_cbvar_2012-02-03.log
bvar_cbvar_2007-05-04,True,0,18.64,,output/_logs/run_all/bvar_cbvar_2007-05-04.log
bvar_cbvar_2015-07-31,True,0,18.66,,output/_logs/run_all/bvar_cbvar_2015-07-31.log
bvar_cbvar_2008-02-01,True,0,18.71,,output/_logs/run_all/bvar_cbvar_2008-02-01.log
bvar_cbvar_2010-10-29,True,0,18.72,,output/_logs/run_all/bvar_cbvar_2010-10-29.log
bvar_cbvar_2016-07-29,True,0,18.74,,output/_logs/run_all/bvar_cbvar_2016-07-29.log
bvar_cbvar_2019-11-01,True,0,18.78,,output/_logs/run_all/bvar_cbvar_2019-11-01.log
bvar_cbvar_2019-05-03,True,0,18.8,,output/_logs/run_all/bvar_cbvar_2019-05-03.log
bvar_cbvar_2019-02-01,True,0,18.8,,output/_logs/run_all/bvar_cbvar_2019-02-01.log
bvar_cbvar_2007-08-03,True,0,18.82,,output/_logs/run_all/bvar_cbvar_2007-08-03.log
bvar_cbvar_2011-07-29,True,0,18.86,,output/_logs/run_all/bvar_cbvar_2011-07-29.log
bvar_cbvar_2012-05-04,True,0,18.86,,output/_logs/run_all/bvar_cbvar_2012-05-04.log
bvar_cbvar_2013-08-02,True,0,18.89,,output/_logs/run_all/bvar_cbvar_2013-08-02.log
bvar_cbvar_2008-08-01,True,0,18.94,,output/_logs/run_all/bvar_cbvar_2008-08-01.log
bvar_cbvar_2009-10-30,True,0,19.04,,output/_logs/run_all/bvar_cbvar_2009-10-30.log
bvar_cbvar_2007-11-02,True,0,19.11,,output/_logs/run_all/bvar_cbvar_2007-11-02.log
bvar_cbvar_2008-10-31,True,0,19.12,,output/_logs/run_all/bvar_cbvar_2008-10-31.log
bvar_cbvar_2018-05-04,True,0,19.2,,output/_logs/run_all/bvar_cbvar_2018-05-04.log
bvar_cbvar_2014-10-31,True,0,19.28,,output/_logs/run_all/bvar_cbvar_2014-10-31.log
bvar_cbvar_2009-07-31,True,0,19.29,,output/_logs/run_all/bvar_cbvar_2009-07-31.log
bvar_cbvar_2015-01-30,True,0,19.35,,output/_logs/run_all/bvar_cbvar_2015-01-30.log
bvar_cbvar_2010-07-30,True,0,19.53,,output/_logs/run_all/bvar_cbvar_2010-07-30.log
bvar_cbvar_2011-10-28,True,0,19.54,,output/_logs/run_all/bvar_cbvar_2011-10-28.log
bvar_cbvar_2012-08-03,True,0,19.59,,output/_logs/run_all/bvar_cbvar_2012-08-03.log
bvar_cbvar_2015-10-30,True,0,19.61,,output/_logs/run_all/bvar_cbvar_2015-10-30.log
bvar_cbvar_2014-08-01,True,0,19.68,,output/_logs/run_all/bvar_cbvar_2014-08-01.log
bvar_cbvar_2013-11-01,True,0,19.7,,output/_logs/run_all/bvar_cbvar_2013-11-01.log
bvar_cbvar_2017-07-28,True,0,19.73,,output/_logs/run_all/bvar_cbvar_2017-07-28.log
bvar_cbvar_2013-05-03,True,0,20.09,,output/_logs/run_all/bvar_cbvar_2013-05-03.log
bvar_cbvar_2009-01-30,True,0,20.21,,output/_logs/run_all/bvar_cbvar_2009-01-30.log
bvar_cbvar_2017-11-03,True,0,20.24,,output/_logs/run_all/bvar_cbvar_2017-11-03.log
bvar_cbvar_2008-05-02,True,0,20.31,,output/_logs/run_all/bvar_cbvar_2008-05-02.log
bvar_cbvar_2016-10-28,True,0,20.95,,output/_logs/run_all/bvar_cbvar_2016-10-28.log
bvar_qbvar_2007-01-05,True,0,8.46,,output/_logs/run_all/bvar_qbvar_2007-01-05.log
bvar_cbvar_2020-07-31,True,0,19.05,,output/_logs/run_all/bvar_cbvar_2020-07-31.log
bvar_cbvar_2020-10-30,True,0,18.63,,output/_logs/run_all/bvar_cbvar_2020-10-30.log
bvar_cbvar_2025-10-31,True,0,10.45,,output/_logs/run_all/bvar_cbvar_2025-10-31.log
bvar_cbvar_2020-05-01,True,0,20.61,,output/_logs/run_all/bvar_cbvar_2020-05-01.log
bvar_cbvar_2021-01-29,True,0,18.61,,output/_logs/run_all/bvar_cbvar_2021-01-29.log
bvar_cbvar_2025-05-02,True,0,15.04,,output/_logs/run_all/bvar_cbvar_2025-05-02.log
bvar_cbvar_2025-08-01,True,0,15.64,,output/_logs/run_all/bvar_cbvar_2025-08-01.log
bvar_cbvar_2021-04-30,True,0,19.57,,output/_logs/run_all/bvar_cbvar_2021-04-30.log
bvar_cbvar_2022-01-28,True,0,17.69,,output/_logs/run_all/bvar_cbvar_2022-01-28.log
bvar_cbvar_2025-01-31,True,0,16.79,,output/_logs/run_all/bvar_cbvar_2025-01-31.log
bvar_cbvar_2023-02-03,True,0,17.79,,output/_logs/run_all/bvar_cbvar_2023-02-03.log
bvar_cbvar_2022-04-29,True,0,18.06,,output/_logs/run_all/bvar_cbvar_2022-04-29.log
bvar_cbvar_2024-11-01,True,0,17.3,,output/_logs/run_all/bvar_cbvar_2024-11-01.log
bvar_cbvar_2021-10-29,True,0,18.48,,output/_logs/run_all/bvar_cbvar_2021-10-29.log
bvar_cbvar_2021-07-30,True,0,19.37,,output/_logs/run_all/bvar_cbvar_2021-07-30.log
bvar_cbvar_2024-08-02,True,0,18.38,,output/_logs/run_all/bvar_cbvar_2024-08-02.log
bvar_cbvar_2022-07-29,True,0,19.21,,output/_logs/run_all/bvar_cbvar_2022-07-29.log
bvar_cbvar_2023-07-28,True,0,19.84,,output/_logs/run_all/bvar_cbvar_2023-07-28.log
bvar_cbvar_2024-05-03,True,0,19.62,,output/_logs/run_all/bvar_cbvar_2024-05-03.log
bvar_cbvar_2023-11-03,True,0,19.84,,output/_logs/run_all/bvar_cbvar_2023-11-03.log
bvar_cbvar_2022-10-28,True,0,20.44,,output/_logs/run_all/bvar_cbvar_2022-10-28.log
bvar_cbvar_2024-02-02,True,0,20.06,,output/_logs/run_all/bvar_cbvar_2024-02-02.log
dfm_diag3_gaussian_ar1,True,0,37.93,,output/_logs/run_all/dfm_diag3_gaussian_ar1.log
bvar_qbvar_2007-11-02,True,0,21.08,,output/_logs/run_all/bvar_qbvar_2007-11-02.log
bvar_qbvar_2010-10-29,True,0,20.89,,output/_logs/run_all/bvar_qbvar_2010-10-29.log
bvar_qbvar_2011-04-29,True,0,21.03,,output/_logs/run_all/bvar_qbvar_2011-04-29.log
bvar_qbvar_2008-02-01,True,0,21.52,,output/_logs/run_all/bvar_qbvar_2008-02-01.log
bvar_qbvar_2009-07-31,True,0,21.71,,output/_logs/run_all/bvar_qbvar_2009-07-31.log
bvar_qbvar_2012-08-03,True,0,21.03,,output/_logs/run_all/bvar_qbvar_2012-08-03.log
bvar_qbvar_2010-01-29,True,0,21.76,,output/_logs/run_all/bvar_qbvar_2010-01-29.log
bvar_qbvar_2007-02-02,True,0,22.09,,output/_logs/run_all/bvar_qbvar_2007-02-02.log
bvar_qbvar_2007-08-03,True,0,22.13,,output/_logs/run_all/bvar_qbvar_2007-08-03.log
bvar_qbvar_2010-07-30,True,0,21.89,,output/_logs/run_all/bvar_qbvar_2010-07-30.log
bvar_qbvar_2012-11-02,True,0,21.31,,output/_logs/run_all/bvar_qbvar_2012-11-02.log
bvar_qbvar_2008-10-31,True,0,22.2,,output/_logs/run_all/bvar_qbvar_2008-10-31.log
bvar_qbvar_2012-02-03,True,0,21.76,,output/_logs/run_all/bvar_qbvar_2012-02-03.log
bvar_qbvar_2010-04-30,True,0,22.17,,output/_logs/run_all/bvar_qbvar_2010-04-30.log
bvar_qbvar_2013-08-02,True,0,21.47,,output/_logs/run_all/bvar_qbvar_2013-08-02.log
bvar_qbvar_2013-05-03,True,0,21.79,,output/_logs/run_all/bvar_qbvar_2013-05-03.log
bvar_qbvar_2011-01-28,True,0,22.36,,output/_logs/run_all/bvar_qbvar_2011-01-28.log
bvar_qbvar_2009-10-30,True,0,22.69,,output/_logs/run_all/bvar_qbvar_2009-10-30.log
bvar_qbvar_2008-05-02,True,0,22.86,,output/_logs/run_all/bvar_qbvar_2008-05-02.log
bvar_qbvar_2008-08-01,True,0,22.85,,output/_logs/run_all/bvar_qbvar_2008-08-01.log
bvar_qbvar_2009-05-01,True,0,22.97,,output/_logs/run_all/bvar_qbvar_2009-05-01.log
bvar_qbvar_2007-05-04,True,0,23.25,,output/_logs/run_all/bvar_qbvar_2007-05-04.log
bvar_qbvar_2011-07-29,True,0,22.87,,output/_logs/run_all/bvar_qbvar_2011-07-29.log
bvar_qbvar_2014-05-02,True,0,22.03,,output/_logs/run_all/bvar_qbvar_2014-05-02.log
bvar_qbvar_2014-10-31,True,0,22.04,,output/_logs/run_all/bvar_qbvar_2014-10-31.log
bvar_qbvar_2014-01-31,True,0,22.57,,output/_logs/run_all/bvar_qbvar_2014-01-31.log
bvar_qbvar_2015-01-30,True,0,22.11,,output/_logs/run_all/bvar_qbvar_2015-01-30.log
bvar_qbvar_2009-01-30,True,0,23.74,,output/_logs/run_all/bvar_qbvar_2009-01-30.log
bvar_qbvar_2013-11-01,True,0,22.87,,output/_logs/run_all/bvar_qbvar_2013-11-01.log
bvar_qbvar_2012-05-04,True,0,23.33,,output/_logs/run_all/bvar_qbvar_2012-05-04.log
bvar_qbvar_2013-02-01,True,0,23.12,,output/_logs/run_all/bvar_qbvar_2013-02-01.log
bvar_qbvar_2014-08-01,True,0,22.84,,output/_logs/run_all/bvar_qbvar_2014-08-01.log
bvar_qbvar_2015-05-01,True,0,22.38,,output/_logs/run_all/bvar_qbvar_2015-05-01.log
dfm_diag4_gaussian_ar1,True,0,43.36,,output/_logs/run_all/dfm_diag4_gaussian_ar1.log
bvar_cbvar_2023-04-28,True,0,26.37,,output/_logs/run_all/bvar_cbvar_2023-04-28.log
bvar_qbvar_2011-10-28,True,0,24.79,,output/_logs/run_all/bvar_qbvar_2011-10-28.log
bvar_qbvar_2015-07-31,True,0,20.94,,output/_logs/run_all/bvar_qbvar_2015-07-31.log
bvar_qbvar_2016-04-29,True,0,20.46,,output/_logs/run_all/bvar_qbvar_2016-04-29.log
bvar_qbvar_2015-10-30,True,0,21.99,,output/_logs/run_all/bvar_qbvar_2015-10-30.log
dfm_fed_overlap_gaussian_ar1,True,0,50.89,,output/_logs/run_all/dfm_fed_overlap_gaussian_ar1.log
bvar_qbvar_2016-01-29,True,0,22.02,,output/_logs/run_all/bvar_qbvar_2016-01-29.log
bvar_qbvar_2016-07-29,True,0,22.14,,output/_logs/run_all/bvar_qbvar_2016-07-29.log
dfm_diag3_student_t,True,0,53.84,,output/_logs/run_all/dfm_diag3_student_t.log
bvar_qbvar_2017-02-03,True,0,20.57,,output/_logs/run_all/bvar_qbvar_2017-02-03.log
bvar_qbvar_2025-10-31,True,0,13.03,,output/_logs/run_all/bvar_qbvar_2025-10-31.log
bvar_qbvar_2019-02-01,True,0,19.41,,output/_logs/run_all/bvar_qbvar_2019-02-01.log
bvar_qbvar_2017-11-03,True,0,20.51,,output/_logs/run_all/bvar_qbvar_2017-11-03.log
bvar_qbvar_2018-08-03,True,0,20.22,,output/_logs/run_all/bvar_qbvar_2018-08-03.log
dfm_diag4_student_t,True,0,55.47,,output/_logs/run_all/dfm_diag4_student_t.log
bvar_qbvar_2018-05-04,True,0,20.52,,output/_logs/run_all/bvar_qbvar_2018-05-04.log
bvar_qbvar_2016-10-28,True,0,22.52,,output/_logs/run_all/bvar_qbvar_2016-10-28.log
bvar_qbvar_2017-04-28,True,0,21.53,,output/_logs/run_all/bvar_qbvar_2017-04-28.log
bvar_qbvar_2018-11-02,True,0,20.36,,output/_logs/run_all/bvar_qbvar_2018-11-02.log
bvar_qbvar_2018-02-02,True,0,21.26,,output/_logs/run_all/bvar_qbvar_2018-02-02.log
bvar_qbvar_2019-05-03,True,0,20.07,,output/_logs/run_all/bvar_qbvar_2019-05-03.log
bvar_qbvar_2020-01-31,True,0,19.85,,output/_logs/run_all/bvar_qbvar_2020-01-31.log
bvar_qbvar_2019-11-01,True,0,21.06,,output/_logs/run_all/bvar_qbvar_2019-11-01.log
bvar_qbvar_2017-07-28,True,0,22.95,,output/_logs/run_all/bvar_qbvar_2017-07-28.log
bvar_qbvar_2021-04-30,True,0,19.61,,output/_logs/run_all/bvar_qbvar_2021-04-30.log
bvar_qbvar_2020-07-31,True,0,19.9,,output/_logs/run_all/bvar_qbvar_2020-07-31.log
bvar_qbvar_2025-05-02,True,0,16.24,,output/_logs/run_all/bvar_qbvar_2025-05-02.log
bvar_qbvar_2023-02-03,True,0,17.36,,output/_logs/run_all/bvar_qbvar_2023-02-03.log
bvar_qbvar_2021-01-29,True,0,20.37,,output/_logs/run_all/bvar_qbvar_2021-01-29.log
bvar_qbvar_2019-08-02,True,0,22.16,,output/_logs/run_all/bvar_qbvar_2019-08-02.log
bvar_qbvar_2020-10-30,True,0,21.26,,output/_logs/run_all/bvar_qbvar_2020-10-30.log
bvar_qbvar_2025-01-31,True,0,18.27,,output/_logs/run_all/bvar_qbvar_2025-01-31.log
bvar_qbvar_2022-04-29,True,0,19.26,,output/_logs/run_all/bvar_qbvar_2022-04-29.log
bvar_qbvar_2025-08-01,True,0,18.59,,output/_logs/run_all/bvar_qbvar_2025-08-01.log
bvar_qbvar_2024-11-01,True,0,19.24,,output/_logs/run_all/bvar_qbvar_2024-11-01.log
bvar_qbvar_2021-10-29,True,0,20.43,,output/_logs/run_all/bvar_qbvar_2021-10-29.log
bvar_qbvar_2022-01-28,True,0,20.31,,output/_logs/run_all/bvar_qbvar_2022-01-28.log
bvar_qbvar_2024-08-02,True,0,19.47,,output/_logs/run_all/bvar_qbvar_2024-08-02.log
bvar_qbvar_2020-05-01,True,0,23.2,,output/_logs/run_all/bvar_qbvar_2020-05-01.log
bvar_qbvar_2023-04-28,True,0,20.13,,output/_logs/run_all/bvar_qbvar_2023-04-28.log
bvar_qbvar_2021-07-30,True,0,21.54,,output/_logs/run_all/bvar_qbvar_2021-07-30.log
bvar_qbvar_2023-11-03,True,0,20.64,,output/_logs/run_all/bvar_qbvar_2023-11-03.log
bvar_qbvar_2024-02-02,True,0,20.82,,output/_logs/run_all/bvar_qbvar_2024-02-02.log
bvar_qbvar_2022-10-28,True,0,21.21,,output/_logs/run_all/bvar_qbvar_2022-10-28.log
bvar_qbvar_2024-05-03,True,0,21.18,,output/_logs/run_all/bvar_qbvar_2024-05-03.log
bvar_qbvar_2022-07-29,True,0,21.98,,output/_logs/run_all/bvar_qbvar_2022-07-29.log
dfm_fed_overlap_student_t,True,0,62.81,,output/_logs/run_all/dfm_fed_overlap_student_t.log
bvar_qbvar_2023-07-28,True,0,22.41,,output/_logs/run_all/bvar_qbvar_2023-07-28.log
bvar_lbvar_2007-01-05,True,0,230.68,,output/_logs/run_all/bvar_lbvar_2007-01-05.log
bvar_bbvar_2007-01-05,True,0,244.05,,output/_logs/run_all/bvar_bbvar_2007-01-05.log
dfm_diag3_student_t_ar1,True,0,274.85,,output/_logs/run_all/dfm_diag3_student_t_ar1.log
dfm_diag4_student_t_ar1,True,0,278.08,,output/_logs/run_all/dfm_diag4_student_t_ar1.log
dfm_diag3_student_t_ar1_shared,True,0,297.7,,output/_logs/run_all/dfm_diag3_student_t_ar1_shared.log
dfm_fed_overlap_student_t_ar1,True,0,319.43,,output/_logs/run_all/dfm_fed_overlap_student_t_ar1.log
bvar_lbvar_2007-02-02,True,0,338.99,,output/_logs/run_all/bvar_lbvar_2007-02-02.log
bvar_lbvar_2007-05-04,True,0,341.44,,output/_logs/run_all/bvar_lbvar_2007-05-04.log
bvar_bbvar_2025-10-31,True,0,349.36,,output/_logs/run_all/bvar_bbvar_2025-10-31.log
bvar_lbvar_2010-01-29,True,0,368.17,,output/_logs/run_all/bvar_lbvar_2010-01-29.log
bvar_lbvar_2008-05-02,True,0,374.77,,output/_logs/run_all/bvar_lbvar_2008-05-02.log
bvar_lbvar_2009-05-01,True,0,379.3,,output/_logs/run_all/bvar_lbvar_2009-05-01.log
bvar_bbvar_2013-08-02,True,0,379.66,,output/_logs/run_all/bvar_bbvar_2013-08-02.log
bvar_lbvar_2008-08-01,True,0,386.26,,output/_logs/run_all/bvar_lbvar_2008-08-01.log
bvar_bbvar_2020-01-31,True,0,393.33,,output/_logs/run_all/bvar_bbvar_2020-01-31.log
bvar_lbvar_2014-10-31,True,0,397.9,,output/_logs/run_all/bvar_lbvar_2014-10-31.log
dfm_diag4_student_t_ar1_shared,True,0,398.11,,output/_logs/run_all/dfm_diag4_student_t_ar1_shared.log
bvar_bbvar_2011-04-29,True,0,402.56,,output/_logs/run_all/bvar_bbvar_2011-04-29.log
bvar_lbvar_2007-11-02,True,0,402.81,,output/_logs/run_all/bvar_lbvar_2007-11-02.log
bvar_bbvar_2025-08-01,True,0,404.01,,output/_logs/run_all/bvar_bbvar_2025-08-01.log
bvar_lbvar_2012-11-02,True,0,404.7,,output/_logs/run_all/bvar_lbvar_2012-11-02.log
bvar_lbvar_2009-10-30,True,0,408.85,,output/_logs/run_all/bvar_lbvar_2009-10-30.log
bvar_bbvar_2014-10-31,True,0,410.15,,output/_logs/run_all/bvar_bbvar_2014-10-31.log
bvar_lbvar_2015-10-30,True,0,410.55,,output/_logs/run_all/bvar_lbvar_2015-10-30.log
bvar_bbvar_2016-01-29,True,0,412.64,,output/_logs/run_all/bvar_bbvar_2016-01-29.log
bvar_bbvar_2021-07-30,True,0,414.14,,output/_logs/run_all/bvar_bbvar_2021-07-30.log
bvar_bbvar_2007-08-03,True,0,415.74,,output/_logs/run_all/bvar_bbvar_2007-08-03.log
bvar_bbvar_2021-04-30,True,0,415.74,,output/_logs/run_all/bvar_bbvar_2021-04-30.log
bvar_bbvar_2023-02-03,True,0,415.85,,output/_logs/run_all/bvar_bbvar_2023-02-03.log
bvar_bbvar_2009-10-30,True,0,416.41,,output/_logs/run_all/bvar_bbvar_2009-10-30.log
bvar_bbvar_2019-02-01,True,0,417.55,,output/_logs/run_all/bvar_bbvar_2019-02-01.log
bvar_bbvar_2010-10-29,True,0,418.41,,output/_logs/run_all/bvar_bbvar_2010-10-29.log
bvar_bbvar_2023-11-03,True,0,419.45,,output/_logs/run_all/bvar_bbvar_2023-11-03.log
bvar_bbvar_2019-11-01,True,0,420.44,,output/_logs/run_all/bvar_bbvar_2019-11-01.log
bvar_lbvar_2007-08-03,True,0,421.8,,output/_logs/run_all/bvar_lbvar_2007-08-03.log
bvar_bbvar_2021-01-29,True,0,422.78,,output/_logs/run_all/bvar_bbvar_2021-01-29.log
bvar_lbvar_2013-02-01,True,0,423.08,,output/_logs/run_all/bvar_lbvar_2013-02-01.log
bvar_bbvar_2015-05-01,True,0,423.55,,output/_logs/run_all/bvar_bbvar_2015-05-01.log
bvar_bbvar_2010-07-30,True,0,425.54,,output/_logs/run_all/bvar_bbvar_2010-07-30.log
bvar_lbvar_2010-07-30,True,0,426.48,,output/_logs/run_all/bvar_lbvar_2010-07-30.log
bvar_lbvar_2014-01-31,True,0,426.9,,output/_logs/run_all/bvar_lbvar_2014-01-31.log
bvar_bbvar_2008-10-31,True,0,427.08,,output/_logs/run_all/bvar_bbvar_2008-10-31.log
bvar_bbvar_2009-05-01,True,0,428.28,,output/_logs/run_all/bvar_bbvar_2009-05-01.log
bvar_lbvar_2011-07-29,True,0,428.61,,output/_logs/run_all/bvar_lbvar_2011-07-29.log
bvar_lbvar_2011-04-29,True,0,431.23,,output/_logs/run_all/bvar_lbvar_2011-04-29.log
bvar_lbvar_2013-08-02,True,0,431.56,,output/_logs/run_all/bvar_lbvar_2013-08-02.log
bvar_bbvar_2015-10-30,True,0,431.66,,output/_logs/run_all/bvar_bbvar_2015-10-30.log
bvar_bbvar_2008-05-02,True,0,432.21,,output/_logs/run_all/bvar_bbvar_2008-05-02.log
bvar_lbvar_2012-05-04,True,0,434.76,,output/_logs/run_all/bvar_lbvar_2012-05-04.log
bvar_bbvar_2020-05-01,True,0,435.93,,output/_logs/run_all/bvar_bbvar_2020-05-01.log
bvar_bbvar_2018-08-03,True,0,436.6,,output/_logs/run_all/bvar_bbvar_2018-08-03.log
bvar_bbvar_2018-02-02,True,0,436.61,,output/_logs/run_all/bvar_bbvar_2018-02-02.log
bvar_lbvar_2013-05-03,True,0,436.79,,output/_logs/run_all/bvar_lbvar_2013-05-03.log
bvar_lbvar_2008-10-31,True,0,437.12,,output/_logs/run_all/bvar_lbvar_2008-10-31.log
bvar_bbvar_2015-01-30,True,0,437.13,,output/_logs/run_all/bvar_bbvar_2015-01-30.log
bvar_bbvar_2015-07-31,True,0,438.39,,output/_logs/run_all/bvar_bbvar_2015-07-31.log
bvar_bbvar_2013-11-01,True,0,439.63,,output/_logs/run_all/bvar_bbvar_2013-11-01.log
bvar_bbvar_2011-10-28,True,0,439.79,,output/_logs/run_all/bvar_bbvar_2011-10-28.log
bvar_lbvar_2014-05-02,True,0,440.9,,output/_logs/run_all/bvar_lbvar_2014-05-02.log
bvar_bbvar_2011-07-29,True,0,441.7,,output/_logs/run_all/bvar_bbvar_2011-07-29.log
bvar_bbvar_2016-04-29,True,0,442.22,,output/_logs/run_all/bvar_bbvar_2016-04-29.log
bvar_bbvar_2021-10-29,True,0,442.29,,output/_logs/run_all/bvar_bbvar_2021-10-29.log
bvar_lbvar_2009-01-30,True,0,444.96,,output/_logs/run_all/bvar_lbvar_2009-01-30.log
bvar_bbvar_2012-05-04,True,0,445.24,,output/_logs/run_all/bvar_bbvar_2012-05-04.log
bvar_lbvar_2009-07-31,True,0,445.43,,output/_logs/run_all/bvar_lbvar_2009-07-31.log
bvar_lbvar_2015-07-31,True,0,446.24,,output/_logs/run_all/bvar_lbvar_2015-07-31.log
bvar_lbvar_2010-10-29,True,0,446.57,,output/_logs/run_all/bvar_lbvar_2010-10-29.log
bvar_bbvar_2014-08-01,True,0,446.72,,output/_logs/run_all/bvar_bbvar_2014-08-01.log
bvar_lbvar_2017-11-03,True,0,446.91,,output/_logs/run_all/bvar_lbvar_2017-11-03.log
bvar_bbvar_2014-05-02,True,0,447.43,,output/_logs/run_all/bvar_bbvar_2014-05-02.log
bvar_lbvar_2011-01-28,True,0,448.27,,output/_logs/run_all/bvar_lbvar_2011-01-28.log
bvar_bbvar_2009-07-31,True,0,448.5,,output/_logs/run_all/bvar_bbvar_2009-07-31.log
bvar_bbvar_2024-02-02,True,0,448.57,,output/_logs/run_all/bvar_bbvar_2024-02-02.log
bvar_bbvar_2016-07-29,True,0,448.65,,output/_logs/run_all/bvar_bbvar_2016-07-29.log
bvar_lbvar_2008-02-01,True,0,450.39,,output/_logs/run_all/bvar_lbvar_2008-02-01.log
bvar_lbvar_2010-04-30,True,0,451.02,,output/_logs/run_all/bvar_lbvar_2010-04-30.log
bvar_bbvar_2013-05-03,True,0,451.02,,output/_logs/run_all/bvar_bbvar_2013-05-03.log
bvar_lbvar_2015-05-01,True,0,451.16,,output/_logs/run_all/bvar_lbvar_2015-05-01.log
bvar_bbvar_2012-11-02,True,0,452.06,,output/_logs/run_all/bvar_bbvar_2012-11-02.log
bvar_bbvar_2020-07-31,True,0,452.31,,output/_logs/run_all/bvar_bbvar_2020-07-31.log
bvar_lbvar_2016-01-29,True,0,452.32,,output/_logs/run_all/bvar_lbvar_2016-01-29.log
bvar_bbvar_2007-02-02,True,0,452.86,,output/_logs/run_all/bvar_bbvar_2007-02-02.log
bvar_bbvar_2017-11-03,True,0,453.96,,output/_logs/run_all/bvar_bbvar_2017-11-03.log
bvar_bbvar_2012-02-03,True,0,455.06,,output/_logs/run_all/bvar_bbvar_2012-02-03.log
bvar_lbvar_2023-02-03,True,0,455.63,,output/_logs/run_all/bvar_lbvar_2023-02-03.log
bvar_lbvar_2022-07-29,True,0,455.7,,output/_logs/run_all/bvar_lbvar_2022-07-29.log
bvar_bbvar_2025-05-02,True,0,456.41,,output/_logs/run_all/bvar_bbvar_2025-05-02.log
bvar_bbvar_2023-04-28,True,0,456.97,,output/_logs/run_all/bvar_bbvar_2023-04-28.log
bvar_bbvar_2025-01-31,True,0,456.98,,output/_logs/run_all/bvar_bbvar_2025-01-31.log
bvar_bbvar_2019-05-03,True,0,457.25,,output/_logs/run_all/bvar_bbvar_2019-05-03.log
bvar_bbvar_2017-02-03,True,0,458.36,,output/_logs/run_all/bvar_bbvar_2017-02-03.log
bvar_bbvar_2014-01-31,True,0,459.9,,output/_logs/run_all/bvar_bbvar_2014-01-31.log
bvar_bbvar_2022-04-29,True,0,460.52,,output/_logs/run_all/bvar_bbvar_2022-04-29.log
bvar_lbvar_2018-05-04,True,0,460.53,,output/_logs/run_all/bvar_lbvar_2018-05-04.log
bvar_bbvar_2011-01-28,True,0,460.88,,output/_logs/run_all/bvar_bbvar_2011-01-28.log
bvar_bbvar_2018-11-02,True,0,461.06,,output/_logs/run_all/bvar_bbvar_2018-11-02.log
bvar_bbvar_2008-08-01,True,0,461.08,,output/_logs/run_all/bvar_bbvar_2008-08-01.log
bvar_lbvar_2011-10-28,True,0,461.3,,output/_logs/run_all/bvar_lbvar_2011-10-28.log
bvar_bbvar_2024-08-02,True,0,461.3,,output/_logs/run_all/bvar_bbvar_2024-08-02.log
bvar_bbvar_2022-01-28,True,0,461.46,,output/_logs/run_all/bvar_bbvar_2022-01-28.log
bvar_lbvar_2012-02-03,True,0,461.47,,output/_logs/run_all/bvar_lbvar_2012-02-03.log
bvar_lbvar_2025-10-31,True,0,461.5,,output/_logs/run_all/bvar_lbvar_2025-10-31.log
bvar_lbvar_2012-08-03,True,0,462.28,,output/_logs/run_all/bvar_lbvar_2012-08-03.log
bvar_lbvar_2021-07-30,True,0,463.07,,output/_logs/run_all/bvar_lbvar_2021-07-30.log
bvar_bbvar_2010-04-30,True,0,463.68,,output/_logs/run_all/bvar_bbvar_2010-04-30.log
bvar_bbvar_2024-11-01,True,0,463.69,,output/_logs/run_all/bvar_bbvar_2024-11-01.log
bvar_lbvar_2017-04-28,True,0,463.79,,output/_logs/run_all/bvar_lbvar_2017-04-28.log
bvar_lbvar_2021-01-29,True,0,464.07,,output/_logs/run_all/bvar_lbvar_2021-01-29.log
bvar_lbvar_2013-11-01,True,0,465.06,,output/_logs/run_all/bvar_lbvar_2013-11-01.log
bvar_bbvar_2017-04-28,True,0,465.26,,output/_logs/run_all/bvar_bbvar_2017-04-28.log
bvar_lbvar_2018-08-03,True,0,465.53,,output/_logs/run_all/bvar_lbvar_2018-08-03.log
bvar_bbvar_2007-11-02,True,0,465.54,,output/_logs/run_all/bvar_bbvar_2007-11-02.log
bvar_bbvar_2022-07-29,True,0,465.61,,output/_logs/run_all/bvar_bbvar_2022-07-29.log
bvar_lbvar_2014-08-01,True,0,465.85,,output/_logs/run_all/bvar_lbvar_2014-08-01.log
bvar_bbvar_2018-05-04,True,0,466.01,,output/_logs/run_all/bvar_bbvar_2018-05-04.log
bvar_bbvar_2013-02-01,True,0,466.21,,output/_logs/run_all/bvar_bbvar_2013-02-01.log
bvar_lbvar_2017-02-03,True,0,466.3,,output/_logs/run_all/bvar_lbvar_2017-02-03.log
bvar_lbvar_2020-05-01,True,0,466.57,,output/_logs/run_all/bvar_lbvar_2020-05-01.log
bvar_bbvar_2019-08-02,True,0,466.97,,output/_logs/run_all/bvar_bbvar_2019-08-02.log
bvar_bbvar_2010-01-29,True,0,467.09,,output/_logs/run_all/bvar_bbvar_2010-01-29.log
bvar_bbvar_2007-05-04,True,0,467.55,,output/_logs/run_all/bvar_bbvar_2007-05-04.log
bvar_lbvar_2024-02-02,True,0,467.6,,output/_logs/run_all/bvar_lbvar_2024-02-02.log
bvar_lbvar_2018-11-02,True,0,468.15,,output/_logs/run_all/bvar_lbvar_2018-11-02.log
bvar_lbvar_2019-02-01,True,0,468.2,,output/_logs/run_all/bvar_lbvar_2019-02-01.log
bvar_lbvar_2022-04-29,True,0,468.21,,output/_logs/run_all/bvar_lbvar_2022-04-29.log
bvar_bbvar_2008-02-01,True,0,468.29,,output/_logs/run_all/bvar_bbvar_2008-02-01.log
bvar_lbvar_2019-08-02,True,0,468.33,,output/_logs/run_all/bvar_lbvar_2019-08-02.log
bvar_bbvar_2022-10-28,True,0,468.42,,output/_logs/run_all/bvar_bbvar_2022-10-28.log
bvar_lbvar_2015-01-30,True,0,468.56,,output/_logs/run_all/bvar_lbvar_2015-01-30.log
bvar_bbvar_2012-08-03,True,0,468.56,,output/_logs/run_all/bvar_bbvar_2012-08-03.log
bvar_lbvar_2023-07-28,True,0,468.7,,output/_logs/run_all/bvar_lbvar_2023-07-28.log
bvar_lbvar_2020-01-31,True,0,469.01,,output/_logs/run_all/bvar_lbvar_2020-01-31.log
bvar_lbvar_2024-08-02,True,0,469.3,,output/_logs/run_all/bvar_lbvar_2024-08-02.log
bvar_bbvar_2016-10-28,True,0,469.32,,output/_logs/run_all/bvar_bbvar_2016-10-28.log
bvar_bbvar_2009-01-30,True,0,469.45,,output/_logs/run_all/bvar_bbvar_2009-01-30.log
bvar_bbvar_2020-10-30,True,0,469.49,,output/_logs/run_all/bvar_bbvar_2020-10-30.log
bvar_lbvar_2016-04-29,True,0,469.5,,output/_logs/run_all/bvar_lbvar_2016-04-29.log
bvar_lbvar_2019-11-01,True,0,469.83,,output/_logs/run_all/bvar_lbvar_2019-11-01.log
bvar_lbvar_2021-04-30,True,0,470.5,,output/_logs/run_all/bvar_lbvar_2021-04-30.log
bvar_lbvar_2016-10-28,True,0,470.52,,output/_logs/run_all/bvar_lbvar_2016-10-28.log
bvar_lbvar_2019-05-03,True,0,470.63,,output/_logs/run_all/bvar_lbvar_2019-05-03.log
bvar_bbvar_2024-05-03,True,0,470.76,,output/_logs/run_all/bvar_bbvar_2024-05-03.log
bvar_lbvar_2020-10-30,True,0,470.85,,output/_logs/run_all/bvar_lbvar_2020-10-30.log
bvar_lbvar_2016-07-29,True,0,470.92,,output/_logs/run_all/bvar_lbvar_2016-07-29.log
bvar_lbvar_2023-04-28,True,0,471.48,,output/_logs/run_all/bvar_lbvar_2023-04-28.log
bvar_lbvar_2024-11-01,True,0,471.59,,output/_logs/run_all/bvar_lbvar_2024-11-01.log
bvar_lbvar_2017-07-28,True,0,472.31,,output/_logs/run_all/bvar_lbvar_2017-07-28.log
bvar_bbvar_2023-07-28,True,0,472.51,,output/_logs/run_all/bvar_bbvar_2023-07-28.log
bvar_lbvar_2022-01-28,True,0,472.64,,output/_logs/run_all/bvar_lbvar_2022-01-28.log
bvar_lbvar_2023-11-03,True,0,473.04,,output/_logs/run_all/bvar_lbvar_2023-11-03.log
bvar_lbvar_2022-10-28,True,0,473.27,,output/_logs/run_all/bvar_lbvar_2022-10-28.log
bvar_lbvar_2018-02-02,True,0,473.72,,output/_logs/run_all/bvar_lbvar_2018-02-02.log
bvar_lbvar_2024-05-03,True,0,474.22,,output/_logs/run_all/bvar_lbvar_2024-05-03.log
bvar_lbvar_2025-08-01,True,0,476.07,,output/_logs/run_all/bvar_lbvar_2025-08-01.log
bvar_bbvar_2017-07-28,True,0,476.52,,output/_logs/run_all/bvar_bbvar_2017-07-28.log
bvar_lbvar_2025-05-02,True,0,477.64,,output/_logs/run_all/bvar_lbvar_2025-05-02.log
bvar_lbvar_2021-10-29,True,0,478.62,,output/_logs/run_all/bvar_lbvar_2021-10-29.log
bvar_lbvar_2025-01-31,True,0,480.48,,output/_logs/run_all/bvar_lbvar_2025-01-31.log
bvar_lbvar_2020-07-31,True,0,499.33,,output/_logs/run_all/bvar_lbvar_2020-07-31.log
dfm_fed_overlap_student_t_ar1_shared,True,0,530.86,,output/_logs/run_all/dfm_fed_overlap_student_t_ar1_shared.log
merge_bvar_2016-10-28,True,0,0.01,,output/_logs/run_all/merge_bvar_2016-10-28.log
merge_bvar_2015-07-31,True,0,0.01,,output/_logs/run_all/merge_bvar_2015-07-31.log
merge_bvar_2012-11-02,True,0,0.01,,output/_logs/run_all/merge_bvar_2012-11-02.log
merge_bvar_2021-04-30,True,0,0.01,,output/_logs/run_all/merge_bvar_2021-04-30.log
merge_bvar_2020-01-31,True,0,0.01,,output/_logs/run_all/merge_bvar_2020-01-31.log
merge_bvar_2007-08-03,True,0,0.01,,output/_logs/run_all/merge_bvar_2007-08-03.log
merge_bvar_2007-11-02,True,0,0.01,,output/_logs/run_all/merge_bvar_2007-11-02.log
merge_bvar_2022-10-28,True,0,0.01,,output/_logs/run_all/merge_bvar_2022-10-28.log
merge_bvar_2009-07-31,True,0,0.01,,output/_logs/run_all/merge_bvar_2009-07-31.log
merge_bvar_2007-01-05,True,0,0.01,,output/_logs/run_all/merge_bvar_2007-01-05.log
merge_bvar_2025-10-31,True,0,0.01,,output/_logs/run_all/merge_bvar_2025-10-31.log
merge_bvar_2010-10-29,True,0,0.01,,output/_logs/run_all/merge_bvar_2010-10-29.log
merge_bvar_2012-08-03,True,0,0.01,,output/_logs/run_all/merge_bvar_2012-08-03.log
merge_bvar_2015-05-01,True,0,0.01,,output/_logs/run_all/merge_bvar_2015-05-01.log
merge_bvar_2011-07-29,True,0,0.02,,output/_logs/run_all/merge_bvar_2011-07-29.log
merge_bvar_2008-10-31,True,0,0.02,,output/_logs/run_all/merge_bvar_2008-10-31.log
merge_bvar_2008-05-02,True,0,0.02,,output/_logs/run_all/merge_bvar_2008-05-02.log
merge_bvar_2009-01-30,True,0,0.02,,output/_logs/run_all/merge_bvar_2009-01-30.log
merge_bvar_2007-05-04,True,0,0.02,,output/_logs/run_all/merge_bvar_2007-05-04.log
merge_bvar_2008-02-01,True,0,0.02,,output/_logs/run_all/merge_bvar_2008-02-01.log
merge_bvar_2009-10-30,True,0,0.02,,output/_logs/run_all/merge_bvar_2009-10-30.log
merge_bvar_2018-02-02,True,0,0.02,,output/_logs/run_all/merge_bvar_2018-02-02.log
merge_bvar_2010-01-29,True,0,0.02,,output/_logs/run_all/merge_bvar_2010-01-29.log
merge_bvar_2011-04-29,True,0,0.02,,output/_logs/run_all/merge_bvar_2011-04-29.log
merge_bvar_2015-01-30,True,0,0.02,,output/_logs/run_all/merge_bvar_2015-01-30.log
merge_bvar_2013-11-01,True,0,0.02,,output/_logs/run_all/merge_bvar_2013-11-01.log
merge_bvar_2007-02-02,True,0,0.02,,output/_logs/run_all/merge_bvar_2007-02-02.log
merge_bvar_2016-04-29,True,0,0.02,,output/_logs/run_all/merge_bvar_2016-04-29.log
merge_bvar_2011-01-28,True,0,0.02,,output/_logs/run_all/merge_bvar_2011-01-28.log
merge_bvar_2010-04-30,True,0,0.02,,output/_logs/run_all/merge_bvar_2010-04-30.log
merge_bvar_2008-08-01,True,0,0.02,,output/_logs/run_all/merge_bvar_2008-08-01.log
merge_bvar_2015-10-30,True,0,0.02,,output/_logs/run_all/merge_bvar_2015-10-30.log
merge_bvar_2021-07-30,True,0,0.02,,output/_logs/run_all/merge_bvar_2021-07-30.log
merge_bvar_2013-08-02,True,0,0.02,,output/_logs/run_all/merge_bvar_2013-08-02.log
merge_bvar_2017-02-03,True,0,0.02,,output/_logs/run_all/merge_bvar_2017-02-03.log
merge_bvar_2012-02-03,True,0,0.02,,output/_logs/run_all/merge_bvar_2012-02-03.log
merge_bvar_2016-01-29,True,0,0.02,,output/_logs/run_all/merge_bvar_2016-01-29.log
merge_bvar_2011-10-28,True,0,0.02,,output/_logs/run_all/merge_bvar_2011-10-28.log
merge_bvar_2017-07-28,True,0,0.02,,output/_logs/run_all/merge_bvar_2017-07-28.log
merge_bvar_2018-08-03,True,0,0.02,,output/_logs/run_all/merge_bvar_2018-08-03.log
merge_bvar_2017-04-28,True,0,0.02,,output/_logs/run_all/merge_bvar_2017-04-28.log
merge_bvar_2009-05-01,True,0,0.02,,output/_logs/run_all/merge_bvar_2009-05-01.log
merge_bvar_2013-05-03,True,0,0.02,,output/_logs/run_all/merge_bvar_2013-05-03.log
merge_bvar_2014-01-31,True,0,0.02,,output/_logs/run_all/merge_bvar_2014-01-31.log
merge_bvar_2021-10-29,True,0,0.02,,output/_logs/run_all/merge_bvar_2021-10-29.log
merge_bvar_2018-05-04,True,0,0.02,,output/_logs/run_all/merge_bvar_2018-05-04.log
merge_bvar_2014-05-02,True,0,0.02,,output/_logs/run_all/merge_bvar_2014-05-02.log
merge_bvar_2017-11-03,True,0,0.02,,output/_logs/run_all/merge_bvar_2017-11-03.log
merge_bvar_2023-04-28,True,0,0.02,,output/_logs/run_all/merge_bvar_2023-04-28.log
merge_bvar_2020-07-31,True,0,0.02,,output/_logs/run_all/merge_bvar_2020-07-31.log
merge_bvar_2019-08-02,True,0,0.02,,output/_logs/run_all/merge_bvar_2019-08-02.log
merge_bvar_2020-10-30,True,0,0.02,,output/_logs/run_all/merge_bvar_2020-10-30.log
merge_bvar_2014-08-01,True,0,0.02,,output/_logs/run_all/merge_bvar_2014-08-01.log
merge_bvar_2016-07-29,True,0,0.02,,output/_logs/run_all/merge_bvar_2016-07-29.log
merge_bvar_2023-11-03,True,0,0.02,,output/_logs/run_all/merge_bvar_2023-11-03.log
merge_bvar_2025-05-02,True,0,0.02,,output/_logs/run_all/merge_bvar_2025-05-02.log
merge_bvar_2010-07-30,True,0,0.02,,output/_logs/run_all/merge_bvar_2010-07-30.log
merge_bvar_2022-07-29,True,0,0.02,,output/_logs/run_all/merge_bvar_2022-07-29.log
merge_bvar_2019-11-01,True,0,0.02,,output/_logs/run_all/merge_bvar_2019-11-01.log
merge_bvar_2012-05-04,True,0,0.02,,output/_logs/run_all/merge_bvar_2012-05-04.log
merge_bvar_2022-04-29,True,0,0.02,,output/_logs/run_all/merge_bvar_2022-04-29.log
merge_bvar_2019-02-01,True,0,0.02,,output/_logs/run_all/merge_bvar_2019-02-01.log
merge_bvar_2019-05-03,True,0,0.02,,output/_logs/run_all/merge_bvar_2019-05-03.log
merge_bvar_2021-01-29,True,0,0.02,,output/_logs/run_all/merge_bvar_2021-01-29.log
merge_bvar_2024-11-01,True,0,0.02,,output/_logs/run_all/merge_bvar_2024-11-01.log
merge_bvar_2023-02-03,True,0,0.02,,output/_logs/run_all/merge_bvar_2023-02-03.log
merge_bvar_2014-10-31,True,0,0.02,,output/_logs/run_all/merge_bvar_2014-10-31.log
merge_bvar_2023-07-28,True,0,0.02,,output/_logs/run_all/merge_bvar_2023-07-28.log
merge_bvar_2024-02-02,True,0,0.02,,output/_logs/run_all/merge_bvar_2024-02-02.log
merge_bvar_2020-05-01,True,0,0.02,,output/_logs/run_all/merge_bvar_2020-05-01.log
merge_bvar_2024-05-03,True,0,0.02,,output/_logs/run_all/merge_bvar_2024-05-03.log
merge_bvar_2024-08-02,True,0,0.02,,output/_logs/run_all/merge_bvar_2024-08-02.log
merge_bvar_2025-01-31,True,0,0.02,,output/_logs/run_all/merge_bvar_2025-01-31.log
merge_bvar_2013-02-01,True,0,0.02,,output/_logs/run_all/merge_bvar_2013-02-01.log
merge_bvar_2022-01-28,True,0,0.02,,output/_logs/run_all/merge_bvar_2022-01-28.log
merge_bvar_2025-08-01,True,0,0.02,,output/_logs/run_all/merge_bvar_2025-08-01.log
merge_bvar_2018-11-02,True,0,0.02,,output/_logs/run_all/merge_bvar_2018-11-02.log
forecast_outputs,True,0,1.26,,output/_logs/run_all/forecast_outputs.log
