target,realizzato,settimana,metodo,nowcast,errore,quota_catturata
2020Q3,34.85500597467652,17,bbvar/-,24.8747812916164,-9.980224683060122,0.7136645252532411
2020Q3,34.85500597467652,17,cbvar/authors,20.88495507365986,-13.970050901016663,0.5991952802657262
2020Q3,34.85500597467652,17,diag3/gaussian,2.549494663419538,-32.305511311256986,0.07314572446987506
2020Q3,34.85500597467652,17,diag3/gaussian_ar1,20.881113296276972,-13.973892678399551,0.5990850585837767
2020Q3,34.85500597467652,17,diag3/student_t,2.726007724646573,-32.12899825002995,0.07820993422371296
2020Q3,34.85500597467652,17,diag3/student_t_ar1,10.07201260037045,-24.782993374306074,0.28896889610887305
2020Q3,34.85500597467652,17,diag3/student_t_ar1_shared,10.653954703982649,-24.201051270693874,0.3056649799952164
2020Q3,34.85500597467652,17,diag4/gaussian,21.36431766628599,-13.490688308390531,0.612948328908851
2020Q3,34.85500597467652,17,diag4/gaussian_ar1,19.991113426336305,-14.863892548340218,0.5735507100719077
2020Q3,34.85500597467652,17,diag4/student_t,15.097327310299203,-19.75767866437732,0.4331465994086468
2020Q3,34.85500597467652,17,diag4/student_t_ar1,22.67568874441317,-12.179317230263354,0.6505719368083859
2020Q3,34.85500597467652,17,diag4/student_t_ar1_shared,15.25960180618493,-19.59540416849159,0.43780230068735626
2020Q3,34.85500597467652,17,fed_overlap/gaussian,22.78234774757495,-12.072658227101574,0.6536320138383331
2020Q3,34.85500597467652,17,fed_overlap/gaussian_ar1,20.05153213782853,-14.803473836847992,0.5752841400284575
2020Q3,34.85500597467652,17,fed_overlap/student_t,16.492775051138487,-18.362230923538036,0.4731823905903534
2020Q3,34.85500597467652,17,fed_overlap/student_t_ar1,23.77577951497738,-11.079226459699143,0.6821338528029913
2020Q3,34.85500597467652,17,fed_overlap/student_t_ar1_shared,16.139865560415224,-18.7151404142613,0.46305731728009014
2020Q3,34.85500597467652,17,lbvar/-,18.837537796872063,-16.01746817780446,0.5404542983168112
2020Q3,34.85500597467652,17,nyfed,13.75,-21.105005974676523,0.394491397017401
2020Q3,34.85500597467652,17,qbvar/-,22.088445632601093,-12.76656034207543,0.6337237654943793
2020Q3,34.85500597467652,17,ar2,-19.350866856141312,-54.20587283081784,-0.5551818545146843
2020Q3,34.85500597467652,17,mean,2.365139605313371,-32.48986636936315,0.06785652560300044
2020Q2,-27.97614656719044,17,bbvar/-,-21.402031712918564,6.574114854271876,0.765009993835899
2020Q2,-27.97614656719044,17,cbvar/authors,-16.906990913913695,11.069155653276745,0.6043359428829163
2020Q2,-27.97614656719044,17,diag3/gaussian,-0.7932761689494194,27.182870398241022,0.028355447990101295
2020Q2,-27.97614656719044,17,diag3/gaussian_ar1,-10.44760851015033,17.52853805704011,0.37344701798220353
2020Q2,-27.97614656719044,17,diag3/student_t,0.3172903010366434,28.293436868227083,-0.011341458348261288
2020Q2,-27.97614656719044,17,diag3/student_t_ar1,-0.7157383805940998,27.26040818659634,0.02558388014143076
2020Q2,-27.97614656719044,17,diag3/student_t_ar1_shared,-2.3825854399636803,25.59356112722676,0.08516488981931139
2020Q2,-27.97614656719044,17,diag4/gaussian,-13.549879212525228,14.426267354665212,0.48433686819528277
2020Q2,-27.97614656719044,17,diag4/gaussian_ar1,-10.87096053227734,17.1051860349131,0.38857962465161183
2020Q2,-27.97614656719044,17,diag4/student_t,-11.570994201883256,16.405152365307185,0.41360214402984863
2020Q2,-27.97614656719044,17,diag4/student_t_ar1,-13.126552787722812,14.849593779467629,0.46920517649550875
2020Q2,-27.97614656719044,17,diag4/student_t_ar1_shared,-13.066346396880125,14.909800170310316,0.4670531148919534
2020Q2,-27.97614656719044,17,fed_overlap/gaussian,-14.344000310066408,13.632146257124033,0.5127225179356405
2020Q2,-27.97614656719044,17,fed_overlap/gaussian_ar1,-10.788465934238332,17.18768063295211,0.38563087694467224
2020Q2,-27.97614656719044,17,fed_overlap/student_t,-12.715340021248888,15.260806545941552,0.45450648432622404
2020Q2,-27.97614656719044,17,fed_overlap/student_t_ar1,-13.350199492039527,14.625947075150913,0.47719936911169275
2020Q2,-27.97614656719044,17,fed_overlap/student_t_ar1_shared,-14.180972167373474,13.795174399816966,0.5068951198591617
2020Q2,-27.97614656719044,17,lbvar/-,-25.535365108746817,2.440781458443624,0.9127549088084169
2020Q2,-27.97614656719044,17,nyfed,-14.27,13.70614656719044,0.5100773963178837
2020Q2,-27.97614656719044,17,qbvar/-,-18.422499678755266,9.553646888435175,0.6585074050319927
2020Q2,-27.97614656719044,17,ar2,0.3034144098293501,28.27956097701979,-0.01084546826706953
2020Q2,-27.97614656719044,17,mean,2.620680363638006,30.596826930828446,-0.09367553023587097
2008Q4,-8.472768957225274,17,bbvar/-,-2.192864011445084,6.279904945780189,0.25881314863130883
2008Q4,-8.472768957225274,17,cbvar/authors,-4.31690946687519,4.155859490350084,0.5095039754617509
2008Q4,-8.472768957225274,17,diag3/gaussian,0.2370374500733296,8.709806407298602,-0.027976385437867107
2008Q4,-8.472768957225274,17,diag3/gaussian_ar1,-2.16616304515983,6.306605912065443,0.2556617625354465
2008Q4,-8.472768957225274,17,diag3/student_t,0.5648705092512918,9.037639466476566,-0.06666893811256241
2008Q4,-8.472768957225274,17,diag3/student_t_ar1,-1.3527230625609787,7.120045894664295,0.15965536997293253
2008Q4,-8.472768957225274,17,diag3/student_t_ar1_shared,-0.5051800661523109,7.967588891072962,0.05962396339410524
2008Q4,-8.472768957225274,17,diag4/gaussian,-3.4693542709481218,5.003414686277152,0.40947112903268545
2008Q4,-8.472768957225274,17,diag4/gaussian_ar1,-3.606218257538163,4.86655069968711,0.42562452437262666
2008Q4,-8.472768957225274,17,diag4/student_t,-3.0826639388468857,5.390105018378388,0.3638319366914992
2008Q4,-8.472768957225274,17,diag4/student_t_ar1,-3.58236156487719,4.8904073923480835,0.42280883415595566
2008Q4,-8.472768957225274,17,diag4/student_t_ar1_shared,-3.2399921467790693,5.232776810446204,0.3824006252426039
2008Q4,-8.472768957225274,17,fed_overlap/gaussian,-3.1601535595654595,5.312615397659814,0.37297766238162244
2008Q4,-8.472768957225274,17,fed_overlap/gaussian_ar1,-3.186901847588264,5.28586710963701,0.3761346336336232
2008Q4,-8.472768957225274,17,fed_overlap/student_t,-2.8263707167819674,5.646398240443306,0.33358288548299664
2008Q4,-8.472768957225274,17,fed_overlap/student_t_ar1,-3.321073686979159,5.1516952702461145,0.3919702878416231
2008Q4,-8.472768957225274,17,fed_overlap/student_t_ar1_shared,-3.1854505400808253,5.287318417144448,0.3759633428177441
2008Q4,-8.472768957225274,17,lbvar/-,-5.958474262945623,2.5142946942796502,0.7032499402529382
2008Q4,-8.472768957225274,17,nyfed,-3.47,5.002768957225273,0.4095473413140705
2008Q4,-8.472768957225274,17,qbvar/-,-3.9922079804627697,4.480560976762504,0.47118102719635213
2008Q4,-8.472768957225274,17,ar2,1.973709429524506,10.44647838674978,-0.2329473917545453
2008Q4,-8.472768957225274,17,mean,3.016905506111378,11.489674463336652,-0.35607078646215995
2021Q4,7.0416786109130936,17,bbvar/-,5.3837939463277085,-1.657884664585385,0.7645611570491134
2021Q4,7.0416786109130936,17,cbvar/authors,3.130241643980125,-3.9114369669329685,0.4445306037013562
2021Q4,7.0416786109130936,17,diag3/gaussian,6.109612714050194,-0.9320658968628992,0.8676358367991409
2021Q4,7.0416786109130936,17,diag3/gaussian_ar1,5.292270965606938,-1.7494076453061558,0.7515638327209441
2021Q4,7.0416786109130936,17,diag3/student_t,4.402987486089516,-2.638691124823578,0.6252752687783604
2021Q4,7.0416786109130936,17,diag3/student_t_ar1,6.653119782002936,-0.38855882891015714,0.9448201415628407
2021Q4,7.0416786109130936,17,diag3/student_t_ar1_shared,6.157911783733416,-0.8837668271796773,0.874494864646332
2021Q4,7.0416786109130936,17,diag4/gaussian,4.156907113384611,-2.884771497528482,0.590329002937211
2021Q4,7.0416786109130936,17,diag4/gaussian_ar1,5.062431581176985,-1.9792470297361087,0.718923975503696
2021Q4,7.0416786109130936,17,diag4/student_t,3.852587635402527,-3.1890909755105668,0.547112108955362
2021Q4,7.0416786109130936,17,diag4/student_t_ar1,4.397203119331006,-2.644475491582088,0.624453821637966
2021Q4,7.0416786109130936,17,diag4/student_t_ar1_shared,5.880819465445475,-1.1608591454676187,0.8351445429973848
2021Q4,7.0416786109130936,17,fed_overlap/gaussian,2.745448404751061,-4.296230206162033,0.3898855026550351
2021Q4,7.0416786109130936,17,fed_overlap/gaussian_ar1,4.903868726914951,-2.137809883998143,0.6964062119101835
2021Q4,7.0416786109130936,17,fed_overlap/student_t,2.614614510576163,-4.42706410033693,0.3713055728678203
2021Q4,7.0416786109130936,17,fed_overlap/student_t_ar1,3.397828420507376,-3.6438501904057174,0.4825310282183952
2021Q4,7.0416786109130936,17,fed_overlap/student_t_ar1_shared,3.635897448569314,-3.4057811623437795,0.516339590241232
2021Q4,7.0416786109130936,17,lbvar/-,4.1742717231453845,-2.867406887767709,0.5927949788387328
2021Q4,7.0416786109130936,17,qbvar/-,2.545791643573403,-4.495886967339691,0.36153192785992405
2021Q4,7.0416786109130936,17,ar2,2.498942058122311,-4.542736552790783,0.35487874357819826
2021Q4,7.0416786109130936,17,mean,2.632229777448325,-4.409448833464769,0.37380714498513645
